{
  "uuid": "9753988d-b265-3a4c-ab71-c91e86c237c6",
  "starterPrompted": true,
  "starterLocked": false,
  "starterSelected": true,
  "starterUUID": "8ea2ada6-8e24-4ab7-8521-a35db9b70610",
  "keyItems": [],
  "battleTheme": "cobblemon:battle.pvp.default",
  "extraData": {},
  "advancementData": {
    "totalCaptureCount": 1,
    "totalEggsHatched": 0,
    "totalEvolvedCount": 2,
    "totalBattleVictoryCount": 21,
    "totalPvPBattleVictoryCount": 2,
    "totalPvWBattleVictoryCount": 19,
    "totalPvNBattleVictoryCount": 0,
    "totalShinyCaptureCount": 0,
    "totalTradedCount": 0,
    "totalTypeCaptureCounts": {
      "normal": 1,
      "flying": 1
    },
    "totalDefeatedCounts": {
      "cobblemon:rattata": 2,
      "cobblemon:caterpie": 2,
      "cobblemon:kakuna": 2,
      "cobblemon:weedle": 2,
      "cobblemon:petilil": 1,
      "cobblemon:butterfree": 1,
      "cobblemon:oddish": 2,
      "cobblemon:zigzagoon": 1,
      "cobblemon:lechonk": 1,
      "cobblemon:teddiursa": 1,
      "cobblemon:starly": 1,
      "cobblemon:fletchling": 1,
      "cobblemon:taillow": 1,
      "cobblemon:buneary": 1
    },
    "aspectsCollected": {}
  }
}