{
  "uuid": "9753988d-b265-3a4c-ab71-c91e86c237c6",
  "starterPrompted": true,
  "starterLocked": false,
  "starterSelected": true,
  "starterUUID": "8ea2ada6-8e24-4ab7-8521-a35db9b70610",
  "keyItems": [],
  "battleTheme": "cobblemon:battle.pvp.default",
  "extraData": {},
  "advancementData": {
    "totalCaptureCount": 3,
    "totalEggsHatched": 0,
    "totalEvolvedCount": 2,
    "totalBattleVictoryCount": 62,
    "totalPvPBattleVictoryCount": 2,
    "totalPvWBattleVictoryCount": 60,
    "totalPvNBattleVictoryCount": 0,
    "totalShinyCaptureCount": 0,
    "totalTradedCount": 0,
    "totalTypeCaptureCounts": {
      "normal": 1,
      "flying": 1,
      "ghost": 1,
      "poison": 1,
      "water": 1,
      "psychic": 1
    },
    "totalDefeatedCounts": {
      "cobblemon:rattata": 2,
      "cobblemon:caterpie": 2,
      "cobblemon:kakuna": 3,
      "cobblemon:weedle": 5,
      "cobblemon:petilil": 1,
      "cobblemon:butterfree": 2,
      "cobblemon:oddish": 2,
      "cobblemon:zigzagoon": 2,
      "cobblemon:lechonk": 1,
      "cobblemon:teddiursa": 1,
      "cobblemon:starly": 1,
      "cobblemon:fletchling": 1,
      "cobblemon:taillow": 2,
      "cobblemon:buneary": 3,
      "cobblemon:seedot": 2,
      "cobblemon:combee": 3,
      "cobblemon:pineco": 3,
      "cobblemon:pidgey": 3,
      "cobblemon:nickit": 1,
      "cobblemon:voltorb": 1,
      "cobblemon:shroomish": 1,
      "cobblemon:wooloo": 1,
      "cobblemon:gimmighoul": 1,
      "cobblemon:nuzleaf": 1,
      "cobblemon:growlithe": 1,
      "cobblemon:gossifleur": 1,
      "cobblemon:mimejr": 1,
      "cobblemon:maschiff": 1,
      "cobblemon:cottonee": 3,
      "cobblemon:miltank": 1,
      "cobblemon:tauros": 1,
      "cobblemon:sentret": 2,
      "cobblemon:bouffalant": 1,
      "cobblemon:furret": 1
    },
    "aspectsCollected": {}
  }
}