{
  "uuid": "9753988d-b265-3a4c-ab71-c91e86c237c6",
  "starterPrompted": true,
  "starterLocked": false,
  "starterSelected": true,
  "starterUUID": "8ea2ada6-8e24-4ab7-8521-a35db9b70610",
  "keyItems": [],
  "battleTheme": "cobblemon:battle.pvp.default",
  "extraData": {},
  "advancementData": {
    "totalCaptureCount": 0,
    "totalEggsHatched": 0,
    "totalEvolvedCount": 0,
    "totalBattleVictoryCount": 5,
    "totalPvPBattleVictoryCount": 2,
    "totalPvWBattleVictoryCount": 3,
    "totalPvNBattleVictoryCount": 0,
    "totalShinyCaptureCount": 0,
    "totalTradedCount": 0,
    "totalTypeCaptureCounts": {},
    "totalDefeatedCounts": {
      "cobblemon:rattata": 1,
      "cobblemon:caterpie": 1,
      "cobblemon:kakuna": 1
    },
    "aspectsCollected": {}
  }
}