{
  "uuid": "9753988d-b265-3a4c-ab71-c91e86c237c6",
  "starterPrompted": true,
  "starterLocked": false,
  "starterSelected": true,
  "starterUUID": "3a8e1d6e-6628-4d65-b75e-b68048320710",
  "keyItems": [],
  "battleTheme": "cobblemon:battle.pvp.default",
  "extraData": {},
  "advancementData": {
    "totalCaptureCount": 1,
    "totalEggsHatched": 0,
    "totalEvolvedCount": 2,
    "totalBattleVictoryCount": 25,
    "totalPvPBattleVictoryCount": 1,
    "totalPvWBattleVictoryCount": 24,
    "totalPvNBattleVictoryCount": 0,
    "totalShinyCaptureCount": 0,
    "totalTradedCount": 0,
    "totalTypeCaptureCounts": {
      "normal": 1,
      "flying": 1
    },
    "totalDefeatedCounts": {
      "cobblemon:kakuna": 5,
      "cobblemon:oddish": 2,
      "cobblemon:rattata": 1,
      "cobblemon:weedle": 2,
      "cobblemon:caterpie": 5,
      "cobblemon:metapod": 1,
      "cobblemon:seedot": 2,
      "cobblemon:pidgey": 1,
      "cobblemon:ariados": 1,
      "cobblemon:gimmighoul": 1,
      "cobblemon:ninjask": 1,
      "cobblemon:spinarak": 1
    },
    "aspectsCollected": {}
  }
}