{"stats":{"minecraft:custom":{"minecraft:interact_with_furnace":9,"minecraft:mob_kills":6,"minecraft:traded_with_villager":7,"minecraft:interact_with_crafting_table":8,"minecraft:eat_cake_slice":2,"minecraft:leave_game":4,"minecraft:time_since_death":39366,"minecraft:sleep_in_bed":1,"minecraft:climb_one_cm":3879,"minecraft:time_since_rest":6606,"minecraft:sprint_one_cm":127536,"minecraft:damage_taken":687,"minecraft:walk_one_cm":125504,"minecraft:drop":11,"minecraft:damage_dealt":1145,"minecraft:swim_one_cm":19715,"minecraft:talked_to_villager":8,"minecraft:fly_one_cm":164066,"minecraft:open_chest":16,"minecraft:crouch_one_cm":1586,"minecraft:play_time":54989,"minecraft:deaths":1,"minecraft:sneak_time":560,"minecraft:walk_under_water_one_cm":6584,"minecraft:boat_one_cm":81675,"minecraft:jump":1053,"minecraft:walk_on_water_one_cm":3212,"minecraft:total_world_time":54989,"minecraft:fall_one_cm":31385},"minecraft:broken":{"minecraft:wooden_axe":1},"minecraft:mined":{"minecraft:yellow_terracotta":1,"cobblemon:dawn_stone_ore":1,"minecraft:crafting_table":4,"minecraft:dead_bush":4,"cobblemon:pinap_berry":1,"minecraft:copper_ore":1,"minecraft:hay_block":71,"minecraft:coarse_dirt":4,"minecraft:furnace":3,"minecraft:iron_ore":4,"minecraft:andesite":1,"minecraft:gold_block":1,"minecraft:grass":2,"minecraft:oak_log":11,"minecraft:coal_ore":13,"cobblemon:thunder_stone_ore":1,"minecraft:terracotta":14,"minecraft:iron_block":2,"minecraft:stone":25,"minecraft:player_head":1,"minecraft:gold_ore":18,"minecraft:oak_leaves":4},"minecraft:used":{"minecraft:stone_pickaxe":28,"minecraft:oak_planks":9,"minecraft:wooden_pickaxe":3,"minecraft:player_head":1,"minecraft:terracotta":10,"minecraft:crafting_table":4,"minecraft:oak_log":2,"minecraft:iron_hoe":70,"minecraft:wooden_axe":36,"minecraft:lantern":1,"minecraft:iron_axe":1,"minecraft:bread":3,"minecraft:iron_pickaxe":61,"minecraft:item_frame":1,"minecraft:furnace":3,"minecraft:andesite":1,"minecraft:oak_boat":2,"minecraft:coarse_dirt":4,"minecraft:cooked_beef":3},"minecraft:picked_up":{"minecraft:coarse_dirt":4,"minecraft:crafting_table":4,"minecraft:andesite":1,"minecraft:leather":2,"minecraft:wooden_pickaxe":1,"minecraft:gold_block":1,"minecraft:oak_log":11,"minecraft:lantern":2,"minecraft:raw_copper":3,"minecraft:item_frame":1,"cobblemon:white_apricorn":4,"cobblemon:muscle_band":1,"minecraft:raw_gold":18,"minecraft:beef":3,"minecraft:oak_boat":2,"cobblemon:thunder_stone":1,"minecraft:player_head":1,"minecraft:furnace":3,"minecraft:book":1,"minecraft:stick":2,"minecraft:raw_iron":4,"minecraft:porkchop":1,"cobblemon:dawn_stone":1,"minecraft:rotten_flesh":5,"minecraft:hay_block":71,"minecraft:iron_block":2,"minecraft:emerald":1,"minecraft:gold_ingot":5,"minecraft:terracotta":14,"minecraft:coal":40,"minecraft:cobblestone":25},"minecraft:killed":{"minecraft:pig":1,"cobblemon:pokemon":2,"minecraft:creeper":1,"minecraft:zombie":1,"minecraft:cow":1},"minecraft:dropped":{"minecraft:rotten_flesh":5,"minecraft:suspicious_stew":1,"minecraft:stick":2,"minecraft:filled_map":2,"minecraft:wooden_pickaxe":2,"minecraft:stone_pickaxe":1},"minecraft:crafted":{"minecraft:cooked_beef":3,"minecraft:oak_planks":36,"minecraft:iron_nugget":126,"minecraft:crafting_table":1,"minecraft:wooden_pickaxe":1,"minecraft:furnace":1,"cobblemon:exp_candy_m":3,"minecraft:air":0,"minecraft:oak_boat":1,"minecraft:gold_nugget":189,"minecraft:iron_axe":1,"minecraft:iron_hoe":1,"minecraft:stick":12,"minecraft:iron_ingot":22,"minecraft:iron_pickaxe":1,"minecraft:stone_pickaxe":1,"minecraft:wooden_axe":1,"minecraft:gold_ingot":9,"cobblemon:ultra_ball":4}},"DataVersion":3465}