{"stats":{"minecraft:custom":{"minecraft:mob_kills":25,"minecraft:interact_with_crafting_table":24,"minecraft:open_barrel":3,"minecraft:eat_cake_slice":2,"minecraft:leave_game":9,"minecraft:time_since_death":125638,"minecraft:climb_one_cm":11205,"minecraft:sprint_one_cm":445288,"minecraft:walk_one_cm":293932,"minecraft:drop":42,"minecraft:talked_to_villager":19,"minecraft:play_time":141261,"minecraft:deaths":1,"minecraft:sneak_time":1853,"minecraft:walk_under_water_one_cm":45511,"minecraft:boat_one_cm":81675,"minecraft:jump":3053,"minecraft:walk_on_water_one_cm":16557,"minecraft:total_world_time":141261,"minecraft:interact_with_furnace":21,"minecraft:traded_with_villager":28,"minecraft:sleep_in_bed":1,"minecraft:time_since_rest":92878,"minecraft:damage_taken":1549,"minecraft:damage_dealt":4117,"minecraft:swim_one_cm":45141,"minecraft:fly_one_cm":539815,"minecraft:open_chest":42,"minecraft:crouch_one_cm":3367,"minecraft:fall_one_cm":92286,"minecraft:inspect_dispenser":1},"minecraft:used":{"minecraft:iron_shovel":1,"minecraft:polished_deepslate":1,"minecraft:iron_sword":26,"minecraft:player_head":1,"minecraft:dirt":1,"minecraft:iron_hoe":109,"minecraft:wooden_axe":36,"minecraft:lantern":4,"minecraft:iron_axe":71,"minecraft:birch_sapling":2,"minecraft:item_frame":1,"minecraft:exposed_cut_copper_slab":3,"minecraft:oak_sapling":1,"minecraft:furnace":6,"minecraft:egg":3,"minecraft:cooked_beef":3,"minecraft:potato":5,"minecraft:water_bucket":48,"minecraft:diorite":1,"minecraft:stripped_birch_log":9,"minecraft:stone_pickaxe":28,"minecraft:red_nether_bricks":1,"minecraft:oak_planks":21,"minecraft:wooden_pickaxe":3,"minecraft:terracotta":10,"minecraft:crafting_table":11,"minecraft:oak_log":2,"minecraft:bread":31,"minecraft:iron_pickaxe":128,"minecraft:iron_door":1,"minecraft:cobblestone":12,"minecraft:andesite":1,"minecraft:bucket":49,"minecraft:birch_log":3,"minecraft:oak_boat":2,"minecraft:brush":45,"minecraft:coarse_dirt":4,"minecraft:experience_bottle":2},"minecraft:mined":{"minecraft:yellow_terracotta":1,"cobblemon:healing_machine":3,"cobblemon:dawn_stone_ore":2,"minecraft:stripped_birch_log":9,"minecraft:red_nether_bricks":2,"cobblemon:pc":1,"minecraft:grass_block":1,"minecraft:jungle_log":6,"minecraft:coal_block":16,"minecraft:spruce_leaves":1,"minecraft:hay_block":108,"minecraft:furnace":6,"minecraft:iron_ore":19,"minecraft:andesite":1,"minecraft:gold_block":1,"minecraft:polished_deepslate":1,"minecraft:vine":2,"minecraft:stone":28,"minecraft:iron_block":11,"minecraft:player_head":1,"minecraft:crafting_table":11,"minecraft:beacon":1,"minecraft:dead_bush":4,"minecraft:tall_grass":1,"cobblemon:pinap_berry":1,"minecraft:copper_ore":4,"minecraft:cobblestone":2,"minecraft:oak_planks":6,"minecraft:diorite":1,"minecraft:iron_door":1,"minecraft:coarse_dirt":4,"minecraft:birch_log":3,"minecraft:exposed_cut_copper_slab":3,"minecraft:birch_leaves":1,"minecraft:grass":8,"minecraft:oak_log":11,"minecraft:coal_ore":13,"cobblemon:thunder_stone_ore":2,"minecraft:sand":1,"minecraft:terracotta":14,"minecraft:gold_ore":18,"minecraft:oak_leaves":17,"minecraft:suspicious_gravel":1},"minecraft:dropped":{"minecraft:porkchop":1,"minecraft:wheat_seeds":2,"minecraft:feather":1,"minecraft:copper_ingot":4,"minecraft:leather_helmet":2,"minecraft:stick":2,"minecraft:jungle_sapling":1,"minecraft:gold_nugget":9,"minecraft:sand":1,"minecraft:paper":25,"minecraft:gravel":7,"minecraft:iron_nugget":6,"minecraft:raw_copper":1,"minecraft:wheat":1,"minecraft:chicken":1,"minecraft:rotten_flesh":14,"minecraft:oak_planks":3,"minecraft:suspicious_stew":1,"minecraft:filled_map":2,"minecraft:leather_chestplate":1,"minecraft:leather_boots":2,"minecraft:oak_sapling":1,"minecraft:arrow":2,"minecraft:stone_pickaxe":1,"minecraft:wooden_pickaxe":2,"minecraft:terracotta":4},"minecraft:crafted":{"minecraft:oak_planks":36,"cobblemon:mystic_water":1,"minecraft:iron_nugget":477,"minecraft:furnace":1,"sophisticatedbackpacks:crafting_upgrade":1,"cobblemon:exp_candy_m":3,"sophisticatedbackpacks:smelting_upgrade":1,"minecraft:iron_boots":1,"sophisticatedbackpacks:copper_backpack":1,"minecraft:iron_axe":1,"minecraft:iron_hoe":1,"minecraft:stone_pickaxe":1,"minecraft:chest":2,"sophisticatedbackpacks:iron_backpack":1,"minecraft:wheat":638,"minecraft:cooked_beef":3,"sophisticatedbackpacks:backpack":1,"minecraft:crafting_table":2,"minecraft:wooden_pickaxe":1,"minecraft:iron_helmet":1,"minecraft:brush":1,"minecraft:iron_sword":1,"minecraft:copper_ingot":12,"sophisticatedbackpacks:gold_backpack":1,"minecraft:bucket":1,"sophisticatedbackpacks:upgrade_base":2,"minecraft:bread":225,"minecraft:air":0,"minecraft:jungle_planks":24,"minecraft:oak_boat":1,"minecraft:iron_chestplate":1,"minecraft:gold_nugget":270,"minecraft:stick":20,"minecraft:iron_ingot":103,"minecraft:iron_pickaxe":1,"minecraft:wooden_axe":1,"minecraft:iron_block":1,"minecraft:iron_shovel":1,"minecraft:iron_leggings":1,"minecraft:gold_ingot":30,"cobblemon:ultra_ball":24},"minecraft:broken":{"minecraft:wooden_axe":1},"minecraft:killed":{"minecraft:skeleton":2,"minecraft:husk":2,"minecraft:pig":1,"cobblemon:pokemon":6,"minecraft:creeper":2,"minecraft:zombie":7,"minecraft:cow":4},"minecraft:picked_up":{"minecraft:crafting_table":11,"minecraft:coarse_dirt":4,"minecraft:wheat":1,"minecraft:chicken":1,"cobblemon:yellow_apricorn":2,"minecraft:wooden_pickaxe":1,"minecraft:gold_block":1,"minecraft:polished_deepslate":1,"minecraft:raw_copper":13,"minecraft:red_nether_bricks":1,"cobblemon:white_apricorn":12,"minecraft:item_frame":1,"minecraft:experience_bottle":2,"cobblemon:muscle_band":1,"minecraft:beef":11,"minecraft:oak_boat":2,"cobblemon:relic_coin":54,"minecraft:player_head":1,"minecraft:jungle_sapling":1,"minecraft:iron_pickaxe":1,"cobblemon:tumblestone":4,"cobblemon:helix_sherd":2,"minecraft:coal_block":16,"minecraft:birch_sapling":2,"cobblemon:dome_sherd":4,"minecraft:furnace":6,"minecraft:egg":3,"minecraft:stick":3,"minecraft:raw_iron":19,"cobblemon:pc":1,"minecraft:copper_ingot":4,"minecraft:porkchop":1,"minecraft:diorite":1,"minecraft:redstone":4,"cobblemon:dawn_stone":2,"minecraft:arrow":2,"minecraft:rotten_flesh":14,"minecraft:hay_block":108,"minecraft:iron_block":11,"minecraft:gold_ingot":16,"cobblemon:ghost_gem":1,"minecraft:cobblestone":30,"minecraft:birch_log":3,"minecraft:feather":2,"cobblemon:ultra_ball":3,"minecraft:iron_door":1,"minecraft:andesite":1,"minecraft:jungle_log":6,"minecraft:leather":6,"minecraft:beacon":1,"minecraft:oak_log":11,"cobblemon:dragon_gem":2,"minecraft:stripped_birch_log":9,"minecraft:dirt":1,"minecraft:lantern":5,"minecraft:wheat_seeds":2,"minecraft:raw_gold":27,"minecraft:iron_ingot":6,"cobblemon:thunder_stone":2,"minecraft:oak_planks":9,"minecraft:book":1,"minecraft:gravel":7,"minecraft:sand":1,"minecraft:spruce_sapling":1,"cobblemon:pink_apricorn":5,"cobblemon:healing_machine":3,"cobblemon:fairy_gem":1,"minecraft:exposed_cut_copper_slab":3,"minecraft:emerald":1,"minecraft:terracotta":14,"minecraft:oak_sapling":2,"minecraft:coal":49}},"DataVersion":3465}