{"stats":{"minecraft:mined":{"minecraft:stone_pressure_plate":1,"minecraft:white_bed":3,"cobblemon:rawst_berry":1,"minecraft:snow_block":1,"minecraft:dandelion":1,"cobblemon:cheri_berry":5,"minecraft:crafting_table":9,"cobblemon:apricorn_leaves":3,"cobblemon:pink_apricorn":1,"minecraft:grass_block":48,"cobblemon:chesto_berry":4,"cobblemon:pinap_berry":2,"minecraft:coal_block":8,"minecraft:tall_grass":13,"minecraft:cobblestone":2,"minecraft:sugar_cane":3,"minecraft:spawner":1,"minecraft:seagrass":1,"minecraft:furnace":3,"minecraft:iron_ore":8,"minecraft:andesite":1,"minecraft:bee_nest":1,"cobblemon:medicinal_leek":15,"minecraft:grass":61,"minecraft:oak_log":15,"minecraft:coal_ore":20,"minecraft:dirt":11,"minecraft:cobweb":35,"minecraft:stone":43,"minecraft:oak_leaves":14},"minecraft:dropped":{"minecraft:stone_axe":1,"minecraft:wheat_seeds":8,"minecraft:wooden_axe":1,"cobblemon:pecha_berry":1,"minecraft:wooden_pickaxe":1,"minecraft:stone_pickaxe":1,"minecraft:bucket":1},"minecraft:custom":{"minecraft:interact_with_furnace":11,"minecraft:mob_kills":10,"minecraft:interact_with_crafting_table":13,"minecraft:open_barrel":2,"minecraft:leave_game":4,"minecraft:time_since_death":83443,"minecraft:sleep_in_bed":5,"minecraft:climb_one_cm":3751,"minecraft:time_since_rest":2501,"minecraft:sprint_one_cm":261774,"minecraft:damage_taken":514,"minecraft:walk_one_cm":211237,"minecraft:drop":14,"minecraft:damage_dealt":3608,"minecraft:swim_one_cm":4547,"minecraft:fly_one_cm":333841,"minecraft:open_chest":22,"minecraft:crouch_one_cm":3643,"minecraft:play_time":83443,"minecraft:sneak_time":1014,"minecraft:walk_under_water_one_cm":1714,"minecraft:boat_one_cm":34920,"minecraft:jump":1484,"minecraft:walk_on_water_one_cm":6138,"minecraft:total_world_time":83443,"minecraft:fall_one_cm":36406},"minecraft:picked_up":{"minecraft:crafting_table":9,"minecraft:air":0,"minecraft:feather":2,"minecraft:chicken":2,"minecraft:andesite":1,"cobblemon:yellow_apricorn":7,"minecraft:brown_wool":1,"minecraft:leather":4,"minecraft:oak_log":15,"minecraft:dirt":75,"minecraft:string":36,"cobblemon:pink_apricorn_seed":4,"cobblemon:white_apricorn":3,"minecraft:experience_bottle":1,"minecraft:wheat_seeds":18,"cobblemon:black_apricorn":5,"cobblemon:green_apricorn":1,"minecraft:iron_ingot":7,"minecraft:beef":4,"minecraft:oak_boat":1,"cobblemon:quick_ball":3,"minecraft:sugar_cane":4,"minecraft:coal_block":8,"cobblemon:green_apricorn_seed":1,"minecraft:egg":2,"minecraft:furnace":3,"minecraft:stick":2,"minecraft:raw_iron":8,"minecraft:dandelion":1,"cobblemon:pecha_berry":1,"minecraft:porkchop":2,"cobblemon:pink_apricorn":9,"minecraft:white_bed":3,"minecraft:stone_pressure_plate":1,"minecraft:emerald":1,"minecraft:gold_ingot":2,"minecraft:bread":1,"cobblemon:medicinal_leek":29,"minecraft:oak_sapling":1,"cobblemon:blue_apricorn":7,"minecraft:coal":70,"minecraft:snowball":4,"minecraft:cobblestone":41},"minecraft:used":{"minecraft:water_bucket":6,"minecraft:iron_shovel":49,"minecraft:stone_pickaxe":50,"minecraft:wooden_pickaxe":3,"minecraft:iron_sword":80,"minecraft:dirt":53,"minecraft:crafting_table":9,"minecraft:white_bed":2,"cobblemon:white_apricorn_seed":1,"minecraft:golden_chestplate":1,"minecraft:wooden_axe":1,"cobblemon:green_apricorn_seed":1,"minecraft:iron_axe":18,"minecraft:bread":9,"minecraft:iron_pickaxe":34,"cobblemon:pink_apricorn_seed":1,"minecraft:stone_axe":14,"minecraft:cobblestone":12,"cobblemon:red_apricorn_seed":1,"minecraft:oak_sapling":1,"minecraft:furnace":4,"minecraft:cooked_porkchop":2,"minecraft:andesite":1,"minecraft:bucket":7,"minecraft:oak_boat":1,"minecraft:egg":2,"minecraft:stone_pressure_plate":1,"minecraft:cooked_beef":3,"minecraft:dandelion":1,"minecraft:experience_bottle":1},"minecraft:killed":{"minecraft:pig":1,"cobblemon:pokemon":5,"minecraft:iron_golem":1,"minecraft:zombie":3},"minecraft:crafted":{"minecraft:cooked_beef":3,"minecraft:oak_planks":60,"minecraft:cooked_porkchop":2,"minecraft:crafting_table":2,"minecraft:wooden_pickaxe":1,"minecraft:iron_sword":1,"minecraft:furnace":1,"sophisticatedbackpacks:crafting_upgrade":1,"minecraft:stone_axe":1,"sophisticatedbackpacks:upgrade_base":1,"minecraft:air":0,"minecraft:oak_boat":1,"cobblemon:quick_ball":8,"minecraft:iron_axe":1,"minecraft:stick":20,"minecraft:iron_ingot":8,"minecraft:iron_pickaxe":1,"minecraft:stone_pickaxe":1,"minecraft:wooden_axe":1,"minecraft:chest":1,"minecraft:iron_shovel":1}},"DataVersion":3465}