{"stats":{"minecraft:mined":{"minecraft:tuff":4,"minecraft:stone_pressure_plate":1,"minecraft:white_bed":4,"minecraft:deepslate_diamond_ore":9,"cobblemon:cheri_berry":5,"cobblemon:pink_apricorn":1,"minecraft:grass_block":48,"cobblemon:chesto_berry":4,"minecraft:coal_block":8,"minecraft:spawner":1,"minecraft:furnace":4,"minecraft:iron_ore":10,"cobblemon:deepslate_shiny_stone_ore":1,"minecraft:andesite":1,"cobblemon:medicinal_leek":15,"minecraft:deepslate_iron_ore":3,"minecraft:stone":48,"megamons:anistarite_geode_block":3,"cobblemon:rawst_berry":1,"minecraft:snow_block":1,"minecraft:dandelion":1,"minecraft:crafting_table":9,"cobblemon:apricorn_leaves":3,"cobblemon:pinap_berry":2,"minecraft:tall_grass":13,"minecraft:cobblestone":2,"minecraft:deepslate_gold_ore":23,"minecraft:oak_planks":1,"minecraft:sugar_cane":3,"cobblemon:dripstone_moon_stone_ore":1,"minecraft:seagrass":1,"minecraft:bee_nest":1,"minecraft:grass":61,"minecraft:coal_ore":20,"minecraft:oak_log":15,"minecraft:dirt":16,"minecraft:cobweb":35,"minecraft:gold_ore":2,"minecraft:oak_leaves":14,"minecraft:deepslate":13},"minecraft:dropped":{"minecraft:iron_sword":1,"minecraft:wheat_seeds":18,"minecraft:diamond":2,"minecraft:leather":6,"minecraft:torch":3,"minecraft:wooden_axe":1,"minecraft:iron_pickaxe":1,"minecraft:bucket":1,"minecraft:stone_axe":1,"minecraft:rotten_flesh":4,"minecraft:rabbit_hide":1,"cobblemon:pecha_berry":1,"minecraft:stone_pickaxe":1,"minecraft:wooden_pickaxe":1},"minecraft:custom":{"minecraft:mob_kills":19,"minecraft:interact_with_crafting_table":21,"minecraft:open_barrel":2,"minecraft:leave_game":5,"minecraft:time_since_death":18146,"minecraft:climb_one_cm":3751,"minecraft:sprint_one_cm":334538,"minecraft:walk_one_cm":267819,"minecraft:drop":24,"minecraft:play_time":113191,"minecraft:deaths":1,"minecraft:sneak_time":2993,"minecraft:walk_under_water_one_cm":3479,"minecraft:boat_one_cm":34920,"minecraft:jump":2071,"minecraft:walk_on_water_one_cm":12147,"minecraft:total_world_time":113191,"minecraft:interact_with_furnace":25,"minecraft:sleep_in_bed":6,"minecraft:time_since_rest":18174,"minecraft:damage_taken":963,"minecraft:damage_dealt":5284,"minecraft:swim_one_cm":5320,"minecraft:fly_one_cm":433287,"minecraft:open_chest":22,"minecraft:crouch_one_cm":8298,"minecraft:fall_one_cm":55461},"minecraft:picked_up":{"minecraft:crafting_table":9,"minecraft:chicken":2,"cobblemon:yellow_apricorn":7,"minecraft:string":36,"cobblemon:white_apricorn":3,"minecraft:experience_bottle":1,"minecraft:cobbled_deepslate":13,"cobblemon:green_apricorn":1,"minecraft:beef":4,"minecraft:oak_boat":1,"cobblemon:quick_ball":3,"minecraft:coal_block":8,"minecraft:sugar_cane":4,"cobblemon:green_apricorn_seed":1,"minecraft:furnace":4,"minecraft:egg":2,"minecraft:stick":2,"minecraft:raw_iron":12,"minecraft:torch":6,"minecraft:porkchop":2,"minecraft:stone_pressure_plate":1,"minecraft:rotten_flesh":4,"minecraft:gold_ingot":6,"cobblemon:blue_apricorn":7,"minecraft:snowball":4,"minecraft:cobblestone":56,"minecraft:feather":2,"minecraft:air":0,"minecraft:glow_ink_sac":1,"minecraft:andesite":1,"minecraft:leather":7,"minecraft:brown_wool":1,"minecraft:tuff":4,"minecraft:oak_log":15,"megamons:anistarite_geode_block":1,"minecraft:dirt":80,"cobblemon:pink_apricorn_seed":4,"cobblemon:black_apricorn":5,"minecraft:wheat_seeds":18,"minecraft:raw_gold":40,"minecraft:rabbit_hide":1,"minecraft:iron_ingot":7,"cobblemon:moon_stone":1,"minecraft:oak_planks":1,"minecraft:dandelion":1,"cobblemon:shiny_stone":1,"cobblemon:pecha_berry":1,"cobblemon:pink_apricorn":9,"minecraft:white_bed":4,"megamons:anistarite_rough_geode_block":1,"minecraft:diamond":9,"minecraft:bread":33,"minecraft:emerald":1,"minecraft:oak_sapling":1,"cobblemon:medicinal_leek":29,"minecraft:coal":70},"minecraft:used":{"megamons:anistarite_rough_geode_block":1,"minecraft:iron_shovel":52,"minecraft:iron_sword":106,"minecraft:torch":3,"minecraft:dirt":80,"minecraft:tuff":4,"minecraft:golden_chestplate":1,"minecraft:wooden_axe":1,"minecraft:iron_axe":22,"cobblemon:pink_apricorn_seed":1,"minecraft:iron_boots":1,"minecraft:furnace":6,"minecraft:oak_sapling":1,"minecraft:egg":2,"minecraft:stone_pressure_plate":1,"minecraft:cooked_beef":3,"minecraft:cobbled_deepslate":5,"minecraft:water_bucket":21,"minecraft:stone_pickaxe":50,"minecraft:oak_planks":18,"minecraft:wooden_pickaxe":3,"minecraft:crafting_table":9,"cobblemon:white_apricorn_seed":1,"minecraft:white_bed":3,"cobblemon:green_apricorn_seed":1,"minecraft:diamond_pickaxe":7,"minecraft:bread":18,"minecraft:iron_pickaxe":94,"minecraft:stone_axe":14,"minecraft:diamond_sword":8,"cobblemon:red_apricorn_seed":1,"minecraft:cobblestone":34,"minecraft:cooked_porkchop":2,"minecraft:bucket":22,"minecraft:andesite":1,"minecraft:oak_boat":1,"minecraft:dandelion":1,"minecraft:experience_bottle":1},"minecraft:killed":{"minecraft:spider":1,"minecraft:pig":1,"cobblemon:pokemon":7,"minecraft:iron_golem":1,"minecraft:zombie":9},"minecraft:crafted":{"minecraft:oak_planks":60,"minecraft:furnace":3,"sophisticatedbackpacks:crafting_upgrade":1,"minecraft:iron_axe":1,"minecraft:stone_pickaxe":1,"minecraft:chest":1,"sophisticatedbackpacks:iron_backpack":1,"minecraft:cooked_beef":3,"minecraft:coal_block":2,"minecraft:diamond_sword":1,"minecraft:cooked_porkchop":2,"minecraft:crafting_table":2,"minecraft:wooden_pickaxe":1,"minecraft:iron_sword":1,"sophisticatedbackpacks:gold_backpack":1,"minecraft:stone_axe":1,"sophisticatedbackpacks:upgrade_base":1,"minecraft:air":0,"minecraft:oak_boat":1,"cobblemon:quick_ball":8,"minecraft:diamond_pickaxe":1,"minecraft:shield":1,"minecraft:stick":20,"minecraft:iron_ingot":18,"minecraft:iron_pickaxe":1,"minecraft:wooden_axe":1,"minecraft:iron_shovel":1,"minecraft:gold_ingot":6}},"DataVersion":3465}