{"stats":{"minecraft:custom":{"minecraft:time_since_rest":5069,"minecraft:interact_with_furnace":5,"minecraft:sprint_one_cm":33168,"minecraft:damage_taken":320,"minecraft:walk_one_cm":34194,"minecraft:mob_kills":1,"minecraft:drop":5,"minecraft:damage_dealt":260,"minecraft:interact_with_crafting_table":6,"minecraft:fly_one_cm":60018,"minecraft:crouch_one_cm":914,"minecraft:play_time":20665,"minecraft:deaths":1,"minecraft:sneak_time":277,"minecraft:jump":444,"minecraft:leave_game":2,"minecraft:time_since_death":5042,"minecraft:total_world_time":20665,"minecraft:fall_one_cm":14256},"minecraft:mined":{"minecraft:coarse_dirt":4,"minecraft:furnace":1,"minecraft:iron_ore":3,"cobblemon:dawn_stone_ore":1,"minecraft:andesite":1,"minecraft:crafting_table":2,"minecraft:oak_log":11,"minecraft:coal_ore":13,"minecraft:dead_bush":4,"cobblemon:thunder_stone_ore":1,"cobblemon:pinap_berry":1,"minecraft:stone":25,"minecraft:gold_ore":18,"minecraft:oak_leaves":3},"minecraft:used":{"minecraft:oak_log":2,"minecraft:wooden_axe":16,"minecraft:stone_pickaxe":28,"minecraft:iron_pickaxe":32,"minecraft:wooden_pickaxe":3,"minecraft:crafting_table":2,"minecraft:furnace":1,"minecraft:andesite":1,"minecraft:coarse_dirt":4},"minecraft:picked_up":{"minecraft:coarse_dirt":4,"minecraft:raw_iron":3,"minecraft:stick":1,"minecraft:crafting_table":2,"minecraft:andesite":1,"minecraft:wooden_pickaxe":1,"minecraft:oak_log":11,"cobblemon:dawn_stone":1,"minecraft:rotten_flesh":4,"minecraft:raw_gold":18,"cobblemon:thunder_stone":1,"minecraft:gold_ingot":5,"minecraft:coal":23,"minecraft:cobblestone":25,"minecraft:furnace":1},"minecraft:killed":{"minecraft:creeper":1},"minecraft:dropped":{"minecraft:rotten_flesh":4,"minecraft:stone_pickaxe":1,"minecraft:wooden_pickaxe":2},"minecraft:crafted":{"minecraft:oak_planks":16,"minecraft:crafting_table":1,"minecraft:stick":12,"minecraft:wooden_pickaxe":1,"minecraft:iron_ingot":3,"minecraft:iron_pickaxe":1,"minecraft:stone_pickaxe":1,"minecraft:wooden_axe":1,"minecraft:furnace":1,"minecraft:air":0}},"DataVersion":3465}