{"stats":{"minecraft:custom":{"minecraft:mob_kills":59,"minecraft:interact_with_crafting_table":24,"minecraft:open_barrel":3,"minecraft:eat_cake_slice":2,"minecraft:leave_game":12,"minecraft:time_since_death":21940,"minecraft:climb_one_cm":11843,"minecraft:sprint_one_cm":696304,"minecraft:walk_one_cm":474233,"minecraft:damage_blocked_by_shield":310,"minecraft:drop":73,"minecraft:talked_to_villager":24,"minecraft:play_time":220418,"minecraft:sneak_time":10689,"minecraft:deaths":3,"minecraft:walk_under_water_one_cm":68541,"minecraft:boat_one_cm":81675,"minecraft:jump":4355,"minecraft:walk_on_water_one_cm":35553,"minecraft:total_world_time":220418,"minecraft:interact_with_furnace":22,"minecraft:traded_with_villager":33,"minecraft:sleep_in_bed":1,"minecraft:time_since_rest":21966,"minecraft:damage_taken":2838,"minecraft:damage_dealt":9441,"minecraft:interact_with_beacon":3,"minecraft:swim_one_cm":106205,"minecraft:fly_one_cm":843750,"minecraft:crouch_one_cm":36576,"minecraft:open_chest":50,"minecraft:fall_one_cm":127119,"minecraft:inspect_dispenser":1},"minecraft:used":{"megamons:anistarite_rough_geode_block":2,"minecraft:iron_shovel":6,"minecraft:polished_deepslate":1,"minecraft:shield":11,"minecraft:iron_sword":137,"minecraft:player_head":1,"minecraft:oak_door":7,"minecraft:dirt":1,"minecraft:tuff":1,"minecraft:iron_hoe":109,"minecraft:wooden_axe":36,"minecraft:iron_block":3,"minecraft:lantern":4,"minecraft:iron_axe":234,"minecraft:birch_sapling":2,"minecraft:item_frame":1,"cobblemon:pc":1,"minecraft:exposed_cut_copper_slab":3,"minecraft:oak_sapling":7,"minecraft:furnace":6,"minecraft:egg":3,"minecraft:cooked_beef":3,"minecraft:potato":5,"minecraft:cobbled_deepslate":10,"minecraft:water_bucket":97,"minecraft:diorite":1,"minecraft:stripped_birch_log":9,"minecraft:stone_pickaxe":28,"minecraft:red_nether_bricks":1,"minecraft:oak_planks":23,"minecraft:wooden_pickaxe":3,"minecraft:cobblestone_slab":1,"minecraft:terracotta":10,"minecraft:sand":4,"minecraft:crafting_table":11,"minecraft:white_bed":1,"megamons:anistarite_geode_block":5,"minecraft:shears":15,"minecraft:oak_log":6,"minecraft:diamond_pickaxe":5,"minecraft:bread":53,"minecraft:iron_pickaxe":239,"minecraft:iron_door":1,"minecraft:cobblestone":13,"minecraft:andesite":1,"minecraft:bucket":98,"minecraft:birch_log":3,"minecraft:gray_wool":15,"minecraft:oak_boat":2,"minecraft:brush":46,"minecraft:coarse_dirt":4,"minecraft:experience_bottle":2},"minecraft:mined":{"minecraft:yellow_terracotta":1,"cobblemon:healing_machine":3,"minecraft:tuff":1,"minecraft:white_bed":1,"minecraft:deepslate_diamond_ore":17,"minecraft:oak_door":7,"cobblemon:dawn_stone_ore":2,"minecraft:stripped_birch_log":9,"minecraft:red_nether_bricks":2,"cobblemon:pc":2,"minecraft:grass_block":1,"megamons:crystal_water_stone_ore":1,"minecraft:jungle_log":6,"megamons:crystal_fire_stone_ore":3,"minecraft:coal_block":16,"minecraft:spruce_leaves":1,"megamons:crystal_dusk_stone_ore":2,"minecraft:hay_block":108,"minecraft:furnace":6,"minecraft:iron_ore":19,"minecraft:andesite":1,"minecraft:gold_block":1,"minecraft:polished_deepslate":1,"cobblemon:deepslate_sun_stone_ore":1,"minecraft:cobblestone_slab":5,"minecraft:vine":2,"megamons:crystal_ice_stone_ore":3,"minecraft:stone":29,"minecraft:iron_block":28,"minecraft:player_head":1,"megamons:crystal_thunder_stone_ore":1,"megamons:crystal_leaf_stone_ore":3,"megamons:anistarite_rough_geode_block":2,"minecraft:deepslate_redstone_ore":1,"megamons:anistarite_geode_block":14,"minecraft:deepslate_tile_slab":1,"minecraft:crafting_table":11,"minecraft:beacon":3,"minecraft:dead_bush":4,"cobblemon:pinap_berry":1,"minecraft:tall_grass":1,"minecraft:copper_ore":4,"minecraft:cobblestone":2,"minecraft:deepslate_gold_ore":22,"minecraft:oak_planks":8,"minecraft:sculk":1,"minecraft:diorite":1,"minecraft:iron_door":1,"minecraft:gray_wool":15,"minecraft:coarse_dirt":4,"minecraft:birch_log":3,"minecraft:exposed_cut_copper_slab":3,"minecraft:birch_leaves":1,"megamons:crystal_dawn_stone_ore":1,"minecraft:grass":18,"minecraft:oak_log":146,"minecraft:coal_ore":13,"megamons:crystal_sun_stone_ore":3,"cobblemon:thunder_stone_ore":2,"minecraft:sand":5,"minecraft:cobweb":1,"minecraft:terracotta":14,"minecraft:gold_ore":18,"minecraft:oak_leaves":31,"minecraft:deepslate":13,"minecraft:suspicious_gravel":2},"minecraft:dropped":{"minecraft:porkchop":1,"minecraft:wheat_seeds":2,"cobblemon:thunder_stone":2,"minecraft:feather":1,"minecraft:cobblestone":7,"minecraft:copper_ingot":4,"minecraft:leather_helmet":2,"minecraft:stick":2,"cobblemon:dawn_stone":1,"minecraft:mutton":4,"minecraft:jungle_sapling":1,"minecraft:gold_nugget":16,"minecraft:sand":1,"minecraft:iron_pickaxe":2,"minecraft:paper":25,"minecraft:bone":7,"minecraft:gravel":7,"minecraft:iron_nugget":9,"minecraft:cobbled_deepslate":7,"minecraft:raw_copper":1,"minecraft:pink_dye":1,"minecraft:wheat":1,"minecraft:chicken":1,"minecraft:rotten_flesh":16,"minecraft:oak_planks":3,"megamons:anistarite_geode_block":9,"minecraft:suspicious_stew":1,"minecraft:filled_map":2,"minecraft:leather_chestplate":1,"minecraft:cobblestone_slab":7,"minecraft:leather_boots":2,"minecraft:oak_sapling":2,"minecraft:spider_eye":2,"cobblemon:fire_stone":2,"minecraft:arrow":8,"minecraft:stone_pickaxe":1,"minecraft:wooden_pickaxe":2,"cobblemon:ghost_gem":1,"minecraft:terracotta":4},"minecraft:killed_by":{"minecraft:zombie":1},"minecraft:crafted":{"minecraft:oak_door":3,"minecraft:oak_planks":48,"cobblemon:mystic_water":1,"minecraft:iron_nugget":477,"minecraft:furnace":1,"sophisticatedbackpacks:crafting_upgrade":1,"cobblemon:exp_candy_m":3,"sophisticatedbackpacks:smelting_upgrade":1,"minecraft:iron_boots":1,"sophisticatedbackpacks:copper_backpack":1,"minecraft:iron_axe":2,"minecraft:iron_hoe":1,"minecraft:stone_pickaxe":1,"minecraft:chest":2,"sophisticatedbackpacks:iron_backpack":1,"minecraft:wheat":638,"minecraft:cooked_beef":3,"sophisticatedbackpacks:backpack":1,"minecraft:crafting_table":2,"minecraft:wooden_pickaxe":1,"minecraft:iron_helmet":1,"minecraft:brush":1,"minecraft:iron_sword":1,"minecraft:copper_ingot":12,"sophisticatedbackpacks:gold_backpack":1,"minecraft:bucket":1,"sophisticatedbackpacks:upgrade_base":2,"minecraft:bread":225,"minecraft:air":0,"minecraft:jungle_planks":24,"minecraft:oak_boat":1,"minecraft:iron_chestplate":1,"minecraft:diamond_pickaxe":1,"minecraft:gold_nugget":270,"minecraft:shield":1,"minecraft:stick":28,"minecraft:iron_ingot":121,"minecraft:iron_pickaxe":2,"minecraft:wooden_axe":1,"minecraft:iron_block":1,"minecraft:iron_shovel":1,"minecraft:iron_leggings":1,"minecraft:gold_ingot":32,"minecraft:white_bed":1,"cobblemon:ultra_ball":29,"minecraft:shears":1},"minecraft:broken":{"minecraft:iron_axe":1,"minecraft:wooden_axe":1},"minecraft:killed":{"minecraft:spider":5,"minecraft:skeleton":10,"minecraft:husk":2,"minecraft:pig":1,"cobblemon:pokemon":12,"minecraft:bat":1,"minecraft:creeper":2,"minecraft:zombie":14,"minecraft:enderman":1,"minecraft:cow":10},"minecraft:picked_up":{"cobblemon:leaf_stone":4,"minecraft:crafting_table":11,"minecraft:coarse_dirt":4,"minecraft:wheat":1,"minecraft:chicken":1,"cobblemon:yellow_apricorn":2,"minecraft:wooden_pickaxe":1,"minecraft:gold_block":1,"minecraft:polished_deepslate":1,"minecraft:string":4,"minecraft:raw_copper":13,"minecraft:red_nether_bricks":1,"cobblemon:white_apricorn":13,"minecraft:item_frame":1,"minecraft:experience_bottle":2,"cobblemon:muscle_band":1,"minecraft:cobbled_deepslate":17,"cobblemon:green_apricorn":5,"minecraft:beef":25,"minecraft:oak_boat":2,"cobblemon:relic_coin":95,"minecraft:player_head":1,"minecraft:cobblestone_slab":8,"minecraft:jungle_sapling":1,"cobblemon:dusk_stone":2,"minecraft:iron_pickaxe":1,"cobblemon:tumblestone":4,"cobblemon:helix_sherd":2,"minecraft:coal_block":16,"minecraft:birch_sapling":2,"cobblemon:dome_sherd":4,"minecraft:furnace":6,"minecraft:egg":3,"minecraft:stick":5,"minecraft:raw_iron":19,"cobblemon:pc":2,"minecraft:oak_door":7,"minecraft:copper_ingot":4,"minecraft:porkchop":1,"minecraft:diorite":1,"minecraft:redstone":9,"cobblemon:dawn_stone":4,"minecraft:arrow":10,"minecraft:rotten_flesh":17,"minecraft:hay_block":108,"minecraft:iron_block":28,"minecraft:gold_ingot":16,"cobblemon:ghost_gem":2,"minecraft:mutton":4,"minecraft:white_wool":3,"cobblemon:blue_apricorn":5,"minecraft:cobblestone":31,"minecraft:birch_log":3,"minecraft:air":0,"minecraft:feather":2,"cobblemon:ultra_ball":20,"minecraft:iron_door":1,"minecraft:andesite":1,"minecraft:jungle_log":6,"minecraft:leather":13,"minecraft:beacon":3,"minecraft:tuff":1,"minecraft:oak_log":146,"cobblemon:dragon_gem":2,"minecraft:deepslate_tile_slab":1,"megamons:anistarite_geode_block":14,"minecraft:stripped_birch_log":9,"minecraft:dirt":1,"minecraft:lantern":5,"minecraft:bone":10,"minecraft:wheat_seeds":2,"minecraft:raw_gold":49,"minecraft:iron_ingot":6,"cobblemon:thunder_stone":4,"minecraft:oak_planks":11,"minecraft:book":1,"cobblemon:sun_stone":4,"cobblemon:fire_stone":5,"minecraft:gravel":7,"minecraft:sand":5,"minecraft:spruce_sapling":1,"cobblemon:pink_apricorn":11,"minecraft:white_bed":1,"minecraft:spider_eye":2,"megamons:anistarite_rough_geode_block":2,"cobblemon:fairy_gem":1,"cobblemon:healing_machine":3,"cobblemon:poke_ball":6,"minecraft:diamond":17,"minecraft:exposed_cut_copper_slab":3,"minecraft:gray_wool":15,"cobblemon:ice_stone":3,"minecraft:emerald":1,"cobblemon:water_stone":1,"minecraft:terracotta":14,"minecraft:oak_sapling":9,"minecraft:ender_pearl":1,"minecraft:coal":49}},"DataVersion":3465}