{"stats":{"minecraft:mined":{"minecraft:grass":18,"minecraft:grass_block":3,"minecraft:dandelion":1},"minecraft:dropped":{"minecraft:wheat_seeds":2},"minecraft:picked_up":{"minecraft:dandelion":1,"minecraft:wheat_seeds":2,"minecraft:dirt":4},"minecraft:custom":{"minecraft:jump":167,"minecraft:time_since_rest":15437,"minecraft:damage_dealt":345,"minecraft:leave_game":1,"minecraft:play_time":15437,"minecraft:sprint_one_cm":12921,"minecraft:damage_taken":40,"minecraft:time_since_death":15437,"minecraft:walk_one_cm":26233,"minecraft:total_world_time":15437,"minecraft:mob_kills":1,"minecraft:fall_one_cm":4224,"minecraft:drop":2,"minecraft:fly_one_cm":32104},"minecraft:used":{"minecraft:dirt":4,"minecraft:dandelion":1},"minecraft:killed":{"cobblemon:pokemon":1}},"DataVersion":3465}