{"stats":{"minecraft:custom":{"minecraft:interact_with_furnace":7,"minecraft:mob_kills":6,"minecraft:interact_with_crafting_table":7,"minecraft:leave_game":4,"minecraft:time_since_death":27446,"minecraft:climb_one_cm":3373,"minecraft:time_since_rest":27473,"minecraft:sprint_one_cm":62253,"minecraft:damage_taken":654,"minecraft:walk_one_cm":77346,"minecraft:drop":6,"minecraft:damage_dealt":1130,"minecraft:swim_one_cm":19715,"minecraft:fly_one_cm":107127,"minecraft:open_chest":5,"minecraft:crouch_one_cm":1530,"minecraft:play_time":43069,"minecraft:deaths":1,"minecraft:sneak_time":551,"minecraft:walk_under_water_one_cm":6584,"minecraft:boat_one_cm":81675,"minecraft:jump":840,"minecraft:walk_on_water_one_cm":3212,"minecraft:total_world_time":43069,"minecraft:fall_one_cm":25813},"minecraft:broken":{"minecraft:wooden_axe":1},"minecraft:mined":{"minecraft:yellow_terracotta":1,"cobblemon:dawn_stone_ore":1,"minecraft:crafting_table":3,"minecraft:dead_bush":4,"cobblemon:pinap_berry":1,"minecraft:copper_ore":1,"minecraft:coarse_dirt":4,"minecraft:furnace":2,"minecraft:iron_ore":4,"minecraft:andesite":1,"minecraft:gold_block":1,"minecraft:coal_ore":13,"minecraft:oak_log":11,"cobblemon:thunder_stone_ore":1,"minecraft:terracotta":14,"minecraft:stone":25,"minecraft:gold_ore":18,"minecraft:oak_leaves":4},"minecraft:used":{"minecraft:stone_pickaxe":28,"minecraft:oak_planks":9,"minecraft:wooden_pickaxe":3,"minecraft:terracotta":10,"minecraft:crafting_table":3,"minecraft:oak_log":2,"minecraft:wooden_axe":36,"minecraft:iron_pickaxe":57,"minecraft:item_frame":1,"minecraft:furnace":2,"minecraft:andesite":1,"minecraft:oak_boat":2,"minecraft:cooked_beef":3,"minecraft:coarse_dirt":4},"minecraft:picked_up":{"minecraft:crafting_table":3,"minecraft:coarse_dirt":4,"minecraft:andesite":1,"minecraft:leather":2,"minecraft:wooden_pickaxe":1,"minecraft:gold_block":1,"minecraft:oak_log":11,"minecraft:raw_copper":3,"minecraft:item_frame":1,"cobblemon:white_apricorn":4,"cobblemon:muscle_band":1,"minecraft:raw_gold":18,"minecraft:beef":3,"minecraft:oak_boat":2,"cobblemon:thunder_stone":1,"minecraft:furnace":2,"minecraft:book":1,"minecraft:stick":1,"minecraft:raw_iron":4,"minecraft:porkchop":1,"cobblemon:dawn_stone":1,"minecraft:rotten_flesh":4,"minecraft:gold_ingot":5,"minecraft:terracotta":14,"minecraft:coal":32,"minecraft:cobblestone":25},"minecraft:killed":{"minecraft:pig":1,"cobblemon:pokemon":2,"minecraft:creeper":1,"minecraft:zombie":1,"minecraft:cow":1},"minecraft:dropped":{"minecraft:rotten_flesh":4,"minecraft:suspicious_stew":1,"minecraft:stone_pickaxe":1,"minecraft:wooden_pickaxe":2},"minecraft:crafted":{"minecraft:cooked_beef":3,"minecraft:oak_planks":36,"minecraft:crafting_table":1,"minecraft:wooden_pickaxe":1,"minecraft:furnace":1,"minecraft:air":0,"minecraft:oak_boat":1,"minecraft:stick":12,"minecraft:iron_ingot":3,"minecraft:iron_pickaxe":1,"minecraft:stone_pickaxe":1,"minecraft:wooden_axe":1}},"DataVersion":3465}