{"stats":{"minecraft:mined":{"minecraft:stone_pressure_plate":1,"minecraft:white_bed":3,"cobblemon:rawst_berry":1,"minecraft:snow_block":1,"minecraft:dandelion":1,"cobblemon:cheri_berry":5,"minecraft:crafting_table":6,"cobblemon:apricorn_leaves":3,"cobblemon:pink_apricorn":1,"minecraft:grass_block":48,"cobblemon:chesto_berry":4,"minecraft:coal_block":8,"cobblemon:pinap_berry":2,"minecraft:tall_grass":9,"minecraft:cobblestone":2,"minecraft:sugar_cane":3,"minecraft:spawner":1,"minecraft:seagrass":1,"minecraft:furnace":3,"minecraft:iron_ore":8,"minecraft:andesite":1,"minecraft:bee_nest":1,"cobblemon:medicinal_leek":15,"minecraft:grass":61,"minecraft:oak_log":15,"minecraft:coal_ore":20,"minecraft:dirt":7,"minecraft:stone":43,"minecraft:oak_leaves":11},"minecraft:dropped":{"minecraft:stone_axe":1,"minecraft:wheat_seeds":8,"minecraft:wooden_axe":1,"cobblemon:pecha_berry":1,"minecraft:wooden_pickaxe":1,"minecraft:stone_pickaxe":1,"minecraft:bucket":1},"minecraft:custom":{"minecraft:interact_with_furnace":11,"minecraft:mob_kills":9,"minecraft:interact_with_crafting_table":10,"minecraft:open_barrel":1,"minecraft:leave_game":2,"minecraft:time_since_death":73076,"minecraft:sleep_in_bed":4,"minecraft:climb_one_cm":2607,"minecraft:time_since_rest":5605,"minecraft:sprint_one_cm":216550,"minecraft:damage_taken":434,"minecraft:walk_one_cm":183475,"minecraft:drop":14,"minecraft:damage_dealt":2866,"minecraft:swim_one_cm":4547,"minecraft:fly_one_cm":285073,"minecraft:open_chest":14,"minecraft:crouch_one_cm":1678,"minecraft:play_time":73076,"minecraft:sneak_time":484,"minecraft:walk_under_water_one_cm":1086,"minecraft:boat_one_cm":34920,"minecraft:jump":1273,"minecraft:walk_on_water_one_cm":5884,"minecraft:total_world_time":73076,"minecraft:fall_one_cm":30035},"minecraft:picked_up":{"minecraft:crafting_table":6,"minecraft:air":0,"minecraft:feather":2,"minecraft:chicken":2,"cobblemon:yellow_apricorn":7,"minecraft:andesite":1,"minecraft:leather":4,"minecraft:brown_wool":1,"minecraft:oak_log":15,"minecraft:dirt":71,"cobblemon:pink_apricorn_seed":4,"cobblemon:white_apricorn":3,"minecraft:experience_bottle":1,"cobblemon:black_apricorn":5,"minecraft:wheat_seeds":17,"cobblemon:green_apricorn":1,"minecraft:iron_ingot":2,"minecraft:beef":4,"minecraft:oak_boat":1,"cobblemon:quick_ball":2,"minecraft:coal_block":8,"minecraft:sugar_cane":4,"cobblemon:green_apricorn_seed":1,"minecraft:furnace":3,"minecraft:stick":2,"minecraft:raw_iron":8,"minecraft:dandelion":1,"cobblemon:pecha_berry":1,"minecraft:porkchop":2,"cobblemon:pink_apricorn":9,"minecraft:white_bed":3,"minecraft:stone_pressure_plate":1,"minecraft:emerald":1,"minecraft:gold_ingot":2,"cobblemon:medicinal_leek":29,"minecraft:oak_sapling":1,"cobblemon:blue_apricorn":7,"minecraft:coal":70,"minecraft:snowball":4,"minecraft:cobblestone":41},"minecraft:used":{"minecraft:water_bucket":1,"minecraft:iron_shovel":45,"minecraft:stone_pickaxe":50,"minecraft:wooden_pickaxe":3,"minecraft:iron_sword":44,"minecraft:dirt":30,"minecraft:crafting_table":6,"cobblemon:white_apricorn_seed":1,"minecraft:white_bed":2,"minecraft:golden_chestplate":1,"minecraft:wooden_axe":1,"minecraft:iron_axe":8,"minecraft:bread":7,"minecraft:iron_pickaxe":34,"minecraft:stone_axe":14,"minecraft:cobblestone":12,"minecraft:furnace":4,"minecraft:oak_sapling":1,"minecraft:cooked_porkchop":2,"minecraft:bucket":2,"minecraft:andesite":1,"minecraft:stone_pressure_plate":1,"minecraft:oak_boat":1,"minecraft:cooked_beef":3,"minecraft:dandelion":1,"minecraft:experience_bottle":1},"minecraft:killed":{"minecraft:pig":1,"cobblemon:pokemon":5,"minecraft:zombie":3},"minecraft:crafted":{"minecraft:cooked_beef":3,"minecraft:oak_planks":60,"minecraft:cooked_porkchop":2,"minecraft:crafting_table":1,"minecraft:wooden_pickaxe":1,"minecraft:iron_sword":1,"minecraft:furnace":1,"minecraft:stone_axe":1,"minecraft:air":0,"minecraft:oak_boat":1,"cobblemon:quick_ball":8,"minecraft:iron_axe":1,"minecraft:stick":20,"minecraft:iron_ingot":8,"minecraft:iron_pickaxe":1,"minecraft:stone_pickaxe":1,"minecraft:wooden_axe":1,"minecraft:iron_shovel":1}},"DataVersion":3465}