{"stats":{"minecraft:custom":{"minecraft:interact_with_crafting_table":26,"minecraft:open_barrel":3,"minecraft:eat_cake_slice":2,"minecraft:leave_game":12,"minecraft:time_since_death":22749,"minecraft:sprint_one_cm":734172,"minecraft:damage_blocked_by_shield":310,"minecraft:drop":95,"minecraft:talked_to_villager":24,"minecraft:play_time":256418,"minecraft:deaths":7,"minecraft:jump":4682,"minecraft:walk_on_water_one_cm":38004,"minecraft:interact_with_furnace":22,"minecraft:traded_with_villager":33,"minecraft:sleep_in_bed":1,"minecraft:damage_dealt":9467,"minecraft:interact_with_beacon":3,"minecraft:player_kills":1,"minecraft:crouch_one_cm":49151,"minecraft:inspect_dispenser":1,"minecraft:mob_kills":59,"minecraft:climb_one_cm":13983,"minecraft:walk_one_cm":500321,"minecraft:sneak_time":15421,"minecraft:walk_under_water_one_cm":70393,"minecraft:boat_one_cm":81675,"minecraft:total_world_time":256418,"minecraft:time_since_rest":22776,"minecraft:damage_taken":3569,"minecraft:swim_one_cm":106867,"minecraft:fly_one_cm":1198498,"minecraft:open_chest":62,"minecraft:fall_one_cm":142251},"minecraft:used":{"minecraft:polished_deepslate":1,"minecraft:iron_shovel":6,"megamons:anistarite_rough_geode_block":2,"minecraft:shield":11,"minecraft:iron_sword":138,"minecraft:player_head":1,"minecraft:tuff":1,"minecraft:lantern":4,"minecraft:birch_sapling":2,"minecraft:item_frame":1,"minecraft:exposed_cut_copper_slab":3,"minecraft:furnace":6,"minecraft:oak_sapling":7,"minecraft:egg":3,"minecraft:potato":5,"minecraft:diorite":1,"minecraft:stripped_birch_log":9,"minecraft:stone_pickaxe":28,"minecraft:oak_planks":43,"minecraft:wooden_pickaxe":3,"minecraft:sand":4,"megamons:anistarite_geode_block":5,"minecraft:shears":22,"minecraft:bread":54,"minecraft:iron_door":1,"minecraft:birch_log":3,"minecraft:andesite":1,"minecraft:oak_boat":2,"minecraft:coarse_dirt":4,"minecraft:experience_bottle":4,"minecraft:oak_door":7,"minecraft:dirt":1,"minecraft:iron_hoe":109,"minecraft:wooden_axe":36,"minecraft:iron_block":3,"minecraft:iron_axe":235,"cobblemon:pc":1,"minecraft:cooked_beef":3,"minecraft:cobbled_deepslate":12,"minecraft:water_bucket":107,"minecraft:red_nether_bricks":1,"minecraft:cobblestone_slab":1,"minecraft:deepslate_bricks":2,"minecraft:terracotta":10,"minecraft:crafting_table":12,"minecraft:white_bed":1,"minecraft:oak_log":6,"minecraft:diamond_pickaxe":7,"minecraft:iron_pickaxe":267,"minecraft:cobblestone":13,"minecraft:bucket":108,"minecraft:brush":46,"minecraft:gray_wool":22,"minecraft:diamond_leggings":1},"minecraft:mined":{"minecraft:white_bed":1,"cobblemon:dawn_stone_ore":2,"minecraft:sculk_vein":1,"minecraft:red_nether_bricks":2,"cobblemon:pc":2,"minecraft:grass_block":1,"minecraft:jungle_log":6,"megamons:crystal_fire_stone_ore":3,"minecraft:coal_block":16,"minecraft:deepslate_bricks":2,"megamons:crystal_dusk_stone_ore":2,"minecraft:iron_ore":19,"minecraft:sculk_shrieker":1,"cobblemon:deepslate_sun_stone_ore":1,"megamons:crystal_ice_stone_ore":4,"minecraft:iron_block":28,"minecraft:player_head":1,"megamons:ampharosite_crystal_ore":1,"minecraft:deepslate_redstone_ore":1,"megamons:anistarite_geode_block":19,"minecraft:deepslate_tile_slab":1,"megamons:banettite_crystal_ore":1,"minecraft:beacon":3,"minecraft:dead_bush":4,"cobblemon:pinap_berry":1,"minecraft:cobblestone":2,"megamons:crystal_moon_stone_ore":3,"minecraft:oak_planks":8,"minecraft:iron_door":1,"minecraft:birch_log":3,"minecraft:exposed_cut_copper_slab":3,"minecraft:grass":18,"minecraft:oak_log":146,"cobblemon:thunder_stone_ore":2,"minecraft:sand":5,"minecraft:oak_leaves":31,"minecraft:deepslate":15,"minecraft:suspicious_gravel":2,"minecraft:yellow_terracotta":1,"cobblemon:healing_machine":3,"minecraft:tuff":1,"minecraft:deepslate_diamond_ore":21,"minecraft:oak_door":7,"minecraft:stripped_birch_log":9,"megamons:crystal_water_stone_ore":2,"minecraft:spruce_leaves":1,"minecraft:hay_block":108,"minecraft:furnace":6,"minecraft:andesite":1,"minecraft:gold_block":1,"minecraft:polished_deepslate":1,"minecraft:cobblestone_slab":5,"minecraft:deepslate_iron_ore":6,"minecraft:vine":2,"minecraft:stone":29,"megamons:crystal_thunder_stone_ore":2,"megamons:crystal_leaf_stone_ore":4,"megamons:anistarite_rough_geode_block":3,"minecraft:crafting_table":12,"minecraft:copper_ore":4,"minecraft:tall_grass":1,"minecraft:deepslate_gold_ore":22,"minecraft:sculk":1,"minecraft:diorite":1,"minecraft:gray_wool":22,"minecraft:coarse_dirt":4,"minecraft:birch_leaves":1,"megamons:crystal_dawn_stone_ore":1,"minecraft:coal_ore":13,"megamons:crystal_sun_stone_ore":3,"minecraft:cobweb":1,"minecraft:terracotta":14,"minecraft:gold_ore":18},"minecraft:dropped":{"minecraft:porkchop":1,"cobblemon:thunder_stone":2,"minecraft:leather_helmet":2,"cobblemon:dawn_stone":1,"minecraft:mutton":4,"minecraft:jungle_sapling":1,"minecraft:gold_nugget":16,"minecraft:sand":1,"minecraft:iron_pickaxe":2,"minecraft:bone":10,"minecraft:gravel":7,"minecraft:compass":1,"minecraft:iron_nugget":9,"minecraft:cobbled_deepslate":7,"minecraft:pink_dye":1,"minecraft:wheat":1,"minecraft:rotten_flesh":19,"minecraft:oak_planks":3,"cobblemon:dome_sherd":8,"sophisticatedbackpacks:diamond_backpack":1,"minecraft:leather_chestplate":1,"minecraft:leather_boots":3,"cobblemon:fire_stone":2,"minecraft:arrow":10,"cobblemon:ghost_gem":1,"minecraft:wheat_seeds":2,"minecraft:feather":1,"minecraft:cobblestone":7,"minecraft:copper_ingot":4,"minecraft:deepslate_tile_slab":1,"minecraft:disc_fragment_5":8,"minecraft:stick":2,"minecraft:iron_leggings":5,"minecraft:chainmail_leggings":1,"minecraft:paper":25,"minecraft:raw_copper":1,"cobblemon:helix_sherd":2,"minecraft:chicken":1,"minecraft:iron_hoe":1,"sophisticatedbackpacks:backpack":1,"megamons:anistarite_geode_block":13,"minecraft:suspicious_stew":1,"minecraft:filled_map":2,"megamons:anistarite_rough_geode_block":1,"minecraft:cobblestone_slab":7,"minecraft:oak_sapling":2,"minecraft:spider_eye":2,"minecraft:stone_pickaxe":1,"minecraft:wooden_pickaxe":2,"minecraft:terracotta":4},"minecraft:killed_by":{"minecraft:zombie":1,"minecraft:warden":2},"minecraft:crafted":{"minecraft:oak_planks":112,"sophisticatedbackpacks:crafting_upgrade":1,"cobblemon:exp_candy_m":3,"sophisticatedbackpacks:smelting_upgrade":1,"minecraft:iron_boots":1,"sophisticatedbackpacks:copper_backpack":1,"minecraft:chest":5,"sophisticatedbackpacks:backpack":1,"minecraft:crafting_table":2,"minecraft:iron_helmet":1,"minecraft:wooden_pickaxe":1,"minecraft:brush":1,"minecraft:copper_ingot":12,"sophisticatedbackpacks:upgrade_base":2,"minecraft:iron_chestplate":1,"minecraft:diamond_pickaxe":1,"minecraft:shield":1,"sophisticatedbackpacks:diamond_backpack":1,"minecraft:stick":28,"minecraft:iron_ingot":139,"sophisticatedbackpacks:auto_smelting_upgrade":1,"minecraft:iron_pickaxe":2,"minecraft:iron_block":1,"minecraft:gold_ingot":32,"minecraft:shears":1,"minecraft:oak_door":3,"cobblemon:mystic_water":1,"minecraft:iron_nugget":477,"minecraft:furnace":1,"minecraft:iron_axe":2,"minecraft:iron_hoe":1,"minecraft:stone_pickaxe":1,"minecraft:wheat":638,"sophisticatedbackpacks:iron_backpack":1,"minecraft:cooked_beef":3,"minecraft:iron_sword":1,"sophisticatedbackpacks:gold_backpack":1,"minecraft:bucket":1,"minecraft:bread":225,"minecraft:air":0,"minecraft:jungle_planks":24,"minecraft:oak_boat":1,"minecraft:gold_nugget":270,"minecraft:wooden_axe":1,"minecraft:iron_shovel":1,"minecraft:iron_leggings":1,"minecraft:white_bed":1,"cobblemon:ultra_ball":29},"minecraft:broken":{"minecraft:wooden_axe":1,"minecraft:iron_axe":1},"minecraft:killed":{"minecraft:spider":5,"minecraft:skeleton":10,"minecraft:pig":1,"minecraft:creeper":2,"minecraft:zombie":14,"minecraft:cow":10,"minecraft:husk":2,"cobblemon:pokemon":12,"minecraft:bat":1,"minecraft:enderman":1},"minecraft:picked_up":{"cobblemon:leaf_stone":5,"minecraft:wheat":1,"minecraft:polished_deepslate":1,"minecraft:string":4,"minecraft:raw_copper":13,"minecraft:red_nether_bricks":1,"minecraft:iron_leggings":4,"minecraft:experience_bottle":2,"minecraft:gold_nugget":6,"minecraft:cobbled_deepslate":19,"minecraft:cobblestone_slab":8,"minecraft:iron_pickaxe":1,"minecraft:coal_block":16,"cobblemon:dome_sherd":8,"minecraft:furnace":6,"minecraft:stick":5,"cobblemon:pc":2,"minecraft:porkchop":1,"minecraft:diorite":1,"minecraft:rotten_flesh":20,"minecraft:iron_block":28,"minecraft:cobblestone":31,"minecraft:birch_log":3,"minecraft:feather":2,"cobblemon:ultra_ball":20,"minecraft:iron_door":1,"minecraft:jungle_log":6,"minecraft:andesite":1,"minecraft:beacon":3,"minecraft:potato":3,"minecraft:tuff":1,"cobblemon:dragon_gem":2,"minecraft:dirt":1,"megamons:anistarite_geode_block":19,"minecraft:stripped_birch_log":9,"minecraft:lantern":5,"minecraft:disc_fragment_5":5,"minecraft:leather_boots":1,"minecraft:bone":10,"minecraft:wheat_seeds":2,"minecraft:raw_gold":50,"cobblemon:thunder_stone":5,"cobblemon:moon_stone":3,"minecraft:oak_planks":11,"cobblemon:sun_stone":4,"cobblemon:fire_stone":5,"minecraft:sand":5,"megamons:anistarite_rough_geode_block":3,"cobblemon:healing_machine":3,"cobblemon:fairy_gem":1,"minecraft:diamond":22,"cobblemon:poke_ball":6,"cobblemon:ice_stone":4,"minecraft:emerald":2,"minecraft:oak_sapling":9,"minecraft:coarse_dirt":4,"minecraft:crafting_table":12,"megamons:raw_banettite":1,"minecraft:chicken":3,"cobblemon:yellow_apricorn":2,"minecraft:wooden_pickaxe":1,"minecraft:gold_block":1,"minecraft:item_frame":1,"cobblemon:white_apricorn":13,"minecraft:compass":1,"cobblemon:muscle_band":1,"cobblemon:green_apricorn":5,"megamons:raw_ampharosite":1,"minecraft:beef":30,"cobblemon:relic_coin":95,"minecraft:oak_boat":3,"minecraft:player_head":1,"minecraft:jungle_sapling":1,"cobblemon:dusk_stone":2,"cobblemon:helix_sherd":2,"cobblemon:tumblestone":4,"minecraft:birch_sapling":2,"minecraft:egg":3,"minecraft:raw_iron":27,"minecraft:oak_door":7,"minecraft:copper_ingot":4,"sophisticatedbackpacks:backpack":1,"minecraft:carrot":11,"minecraft:redstone":9,"cobblemon:dawn_stone":4,"minecraft:arrow":10,"minecraft:deepslate_bricks":2,"minecraft:hay_block":108,"minecraft:gold_ingot":16,"cobblemon:ghost_gem":2,"minecraft:mutton":4,"cobblemon:blue_apricorn":5,"minecraft:white_wool":3,"minecraft:air":0,"minecraft:leather":13,"minecraft:oak_log":146,"minecraft:deepslate_tile_slab":1,"minecraft:apple":7,"minecraft:iron_ingot":6,"sophisticatedbackpacks:diamond_backpack":1,"minecraft:book":1,"minecraft:gravel":7,"minecraft:amethyst_shard":1,"minecraft:spruce_sapling":1,"cobblemon:pink_apricorn":11,"minecraft:white_bed":1,"minecraft:spider_eye":2,"minecraft:chainmail_leggings":1,"minecraft:exposed_cut_copper_slab":3,"minecraft:gray_wool":22,"minecraft:terracotta":14,"cobblemon:water_stone":2,"minecraft:coal":49,"minecraft:ender_pearl":1}},"DataVersion":3465}