{"stats":{"minecraft:mined":{"minecraft:white_bed":2,"cobblemon:rawst_berry":1,"minecraft:dandelion":1,"cobblemon:cheri_berry":5,"minecraft:crafting_table":4,"cobblemon:apricorn_leaves":3,"cobblemon:pink_apricorn":1,"minecraft:grass_block":6,"cobblemon:chesto_berry":4,"cobblemon:pinap_berry":2,"minecraft:tall_grass":4,"minecraft:cobblestone":2,"minecraft:sugar_cane":3,"minecraft:seagrass":1,"minecraft:furnace":3,"minecraft:iron_ore":8,"minecraft:andesite":1,"minecraft:bee_nest":1,"cobblemon:medicinal_leek":15,"minecraft:grass":25,"minecraft:oak_log":15,"minecraft:coal_ore":20,"minecraft:dirt":1,"minecraft:stone":35,"minecraft:oak_leaves":11},"minecraft:dropped":{"minecraft:stone_axe":1,"minecraft:wheat_seeds":5,"minecraft:wooden_axe":1,"minecraft:wooden_pickaxe":1,"minecraft:stone_pickaxe":1},"minecraft:custom":{"minecraft:interact_with_furnace":6,"minecraft:mob_kills":6,"minecraft:interact_with_crafting_table":7,"minecraft:leave_game":2,"minecraft:time_since_death":49076,"minecraft:sleep_in_bed":2,"minecraft:climb_one_cm":208,"minecraft:time_since_rest":8857,"minecraft:sprint_one_cm":131359,"minecraft:damage_taken":200,"minecraft:walk_one_cm":104006,"minecraft:drop":9,"minecraft:damage_dealt":1730,"minecraft:swim_one_cm":2652,"minecraft:fly_one_cm":169170,"minecraft:crouch_one_cm":330,"minecraft:play_time":49076,"minecraft:sneak_time":132,"minecraft:walk_under_water_one_cm":1030,"minecraft:boat_one_cm":34920,"minecraft:jump":790,"minecraft:walk_on_water_one_cm":5623,"minecraft:total_world_time":49076,"minecraft:fall_one_cm":18053},"minecraft:picked_up":{"minecraft:crafting_table":4,"minecraft:air":0,"minecraft:feather":2,"minecraft:chicken":2,"cobblemon:yellow_apricorn":7,"minecraft:andesite":1,"minecraft:leather":2,"minecraft:brown_wool":1,"minecraft:oak_log":15,"minecraft:dirt":23,"cobblemon:pink_apricorn_seed":4,"cobblemon:black_apricorn":5,"minecraft:wheat_seeds":5,"minecraft:beef":3,"minecraft:oak_boat":1,"minecraft:sugar_cane":4,"minecraft:furnace":3,"minecraft:stick":2,"minecraft:raw_iron":8,"minecraft:dandelion":1,"minecraft:porkchop":2,"cobblemon:pink_apricorn":9,"minecraft:white_bed":2,"cobblemon:medicinal_leek":29,"minecraft:oak_sapling":1,"cobblemon:blue_apricorn":7,"minecraft:coal":70,"minecraft:cobblestone":33},"minecraft:used":{"minecraft:stone_pickaxe":50,"minecraft:wooden_pickaxe":3,"minecraft:iron_sword":28,"minecraft:dirt":4,"minecraft:crafting_table":4,"minecraft:white_bed":1,"minecraft:wooden_axe":1,"minecraft:iron_axe":3,"minecraft:iron_pickaxe":16,"minecraft:stone_axe":14,"minecraft:cobblestone":12,"minecraft:furnace":3,"minecraft:oak_sapling":1,"minecraft:cooked_porkchop":2,"minecraft:andesite":1,"minecraft:oak_boat":1,"minecraft:cooked_beef":2,"minecraft:dandelion":1},"minecraft:killed":{"minecraft:pig":1,"cobblemon:pokemon":3,"minecraft:zombie":2},"minecraft:crafted":{"minecraft:cooked_beef":3,"minecraft:oak_planks":60,"minecraft:cooked_porkchop":2,"minecraft:crafting_table":1,"minecraft:wooden_pickaxe":1,"minecraft:iron_sword":1,"minecraft:furnace":1,"minecraft:stone_axe":1,"minecraft:air":0,"minecraft:oak_boat":1,"minecraft:iron_axe":1,"minecraft:stick":20,"minecraft:iron_ingot":8,"minecraft:iron_pickaxe":1,"minecraft:stone_pickaxe":1,"minecraft:wooden_axe":1}},"DataVersion":3465}