{"stats":{"minecraft:custom":{"minecraft:time_since_rest":13519,"minecraft:interact_with_furnace":6,"minecraft:sprint_one_cm":42601,"minecraft:damage_taken":470,"minecraft:walk_one_cm":65663,"minecraft:mob_kills":4,"minecraft:drop":5,"minecraft:damage_dealt":831,"minecraft:interact_with_crafting_table":6,"minecraft:fly_one_cm":82174,"minecraft:open_chest":1,"minecraft:crouch_one_cm":1530,"minecraft:play_time":29115,"minecraft:deaths":1,"minecraft:sneak_time":483,"minecraft:jump":647,"minecraft:leave_game":3,"minecraft:time_since_death":13492,"minecraft:climb_one_cm":114,"minecraft:total_world_time":29115,"minecraft:fall_one_cm":21917},"minecraft:mined":{"minecraft:yellow_terracotta":1,"minecraft:coarse_dirt":4,"minecraft:furnace":1,"minecraft:iron_ore":4,"cobblemon:dawn_stone_ore":1,"minecraft:andesite":1,"minecraft:crafting_table":2,"minecraft:gold_block":1,"minecraft:oak_log":11,"minecraft:coal_ore":13,"minecraft:dead_bush":4,"cobblemon:thunder_stone_ore":1,"cobblemon:pinap_berry":1,"minecraft:copper_ore":1,"minecraft:terracotta":14,"minecraft:stone":25,"minecraft:gold_ore":18,"minecraft:oak_leaves":3},"minecraft:used":{"minecraft:oak_log":2,"minecraft:wooden_axe":31,"minecraft:stone_pickaxe":28,"minecraft:oak_planks":9,"minecraft:iron_pickaxe":50,"minecraft:wooden_pickaxe":3,"minecraft:terracotta":10,"minecraft:crafting_table":2,"minecraft:furnace":2,"minecraft:andesite":1,"minecraft:coarse_dirt":4},"minecraft:picked_up":{"minecraft:coarse_dirt":4,"minecraft:raw_iron":4,"minecraft:stick":1,"minecraft:crafting_table":2,"minecraft:andesite":1,"minecraft:leather":2,"minecraft:wooden_pickaxe":1,"minecraft:gold_block":1,"minecraft:oak_log":11,"minecraft:raw_copper":3,"cobblemon:dawn_stone":1,"cobblemon:muscle_band":1,"minecraft:rotten_flesh":4,"minecraft:raw_gold":18,"minecraft:beef":3,"cobblemon:thunder_stone":1,"minecraft:gold_ingot":5,"minecraft:terracotta":14,"minecraft:coal":23,"minecraft:cobblestone":25,"minecraft:furnace":1},"minecraft:killed":{"cobblemon:pokemon":2,"minecraft:creeper":1,"minecraft:cow":1},"minecraft:dropped":{"minecraft:rotten_flesh":4,"minecraft:stone_pickaxe":1,"minecraft:wooden_pickaxe":2},"minecraft:crafted":{"minecraft:oak_planks":36,"minecraft:crafting_table":1,"minecraft:stick":12,"minecraft:wooden_pickaxe":1,"minecraft:iron_ingot":3,"minecraft:iron_pickaxe":1,"minecraft:stone_pickaxe":1,"minecraft:wooden_axe":1,"minecraft:furnace":1,"minecraft:air":0}},"DataVersion":3465}