{"stats":{"minecraft:custom":{"minecraft:time_since_rest":8534,"minecraft:crouch_one_cm":397,"minecraft:play_time":8534,"minecraft:sprint_one_cm":16134,"minecraft:damage_taken":30,"minecraft:walk_one_cm":10928,"minecraft:sneak_time":97,"minecraft:jump":171,"minecraft:damage_dealt":15,"minecraft:time_since_death":8534,"minecraft:total_world_time":8534,"minecraft:interact_with_crafting_table":1,"minecraft:fall_one_cm":4425,"minecraft:fly_one_cm":30857},"minecraft:mined":{"minecraft:oak_log":9,"minecraft:coarse_dirt":4,"minecraft:dead_bush":4,"minecraft:oak_leaves":3,"minecraft:crafting_table":1},"minecraft:used":{"minecraft:wooden_axe":9,"minecraft:crafting_table":1,"minecraft:coarse_dirt":4},"minecraft:picked_up":{"minecraft:stick":1,"minecraft:crafting_table":1,"minecraft:coarse_dirt":4,"minecraft:oak_log":9},"minecraft:crafted":{"minecraft:oak_planks":16,"minecraft:crafting_table":1,"minecraft:stick":4,"minecraft:wooden_axe":1}},"DataVersion":3465}