{"stats":{"minecraft:mined":{"minecraft:yellow_terracotta":1,"cobblemon:healing_machine":3,"cobblemon:dawn_stone_ore":1,"cobblemon:pc":1,"minecraft:grass_block":1,"minecraft:jungle_log":6,"minecraft:spruce_leaves":1,"minecraft:hay_block":71,"minecraft:furnace":6,"minecraft:iron_ore":10,"minecraft:andesite":1,"minecraft:gold_block":1,"minecraft:polished_deepslate":1,"minecraft:vine":2,"minecraft:stone":25,"minecraft:iron_block":9,"minecraft:player_head":1,"minecraft:crafting_table":10,"minecraft:beacon":1,"minecraft:dead_bush":4,"minecraft:tall_grass":1,"cobblemon:pinap_berry":1,"minecraft:copper_ore":4,"minecraft:cobblestone":2,"minecraft:oak_planks":6,"minecraft:diorite":1,"minecraft:coarse_dirt":4,"minecraft:birch_leaves":1,"minecraft:grass":6,"minecraft:oak_log":11,"minecraft:coal_ore":13,"cobblemon:thunder_stone_ore":1,"minecraft:terracotta":14,"minecraft:gold_ore":18,"minecraft:oak_leaves":4},"minecraft:picked_up":{"minecraft:coarse_dirt":4,"minecraft:crafting_table":10,"minecraft:wheat":1,"minecraft:wooden_pickaxe":1,"minecraft:gold_block":1,"minecraft:polished_deepslate":1,"minecraft:raw_copper":13,"minecraft:item_frame":1,"cobblemon:white_apricorn":8,"cobblemon:muscle_band":1,"minecraft:beef":11,"minecraft:oak_boat":2,"minecraft:player_head":1,"minecraft:jungle_sapling":1,"minecraft:egg":3,"minecraft:furnace":6,"minecraft:raw_iron":10,"minecraft:stick":2,"cobblemon:pc":1,"minecraft:porkchop":1,"minecraft:diorite":1,"cobblemon:dawn_stone":1,"minecraft:arrow":2,"minecraft:rotten_flesh":8,"minecraft:hay_block":71,"minecraft:iron_block":9,"minecraft:gold_ingot":13,"minecraft:cobblestone":27,"cobblemon:ultra_ball":3,"minecraft:jungle_log":6,"minecraft:andesite":1,"minecraft:leather":6,"minecraft:beacon":1,"minecraft:oak_log":11,"minecraft:dirt":1,"minecraft:lantern":2,"minecraft:wheat_seeds":2,"minecraft:raw_gold":27,"cobblemon:thunder_stone":1,"minecraft:oak_planks":9,"minecraft:book":1,"minecraft:spruce_sapling":1,"cobblemon:healing_machine":3,"minecraft:emerald":1,"minecraft:terracotta":14,"minecraft:oak_sapling":1,"minecraft:coal":49},"minecraft:broken":{"minecraft:wooden_axe":1},"minecraft:crafted":{"minecraft:oak_planks":36,"cobblemon:mystic_water":1,"minecraft:iron_nugget":126,"minecraft:furnace":1,"sophisticatedbackpacks:crafting_upgrade":1,"cobblemon:exp_candy_m":3,"minecraft:iron_boots":1,"sophisticatedbackpacks:copper_backpack":1,"minecraft:iron_axe":1,"minecraft:iron_hoe":1,"minecraft:stone_pickaxe":1,"minecraft:chest":2,"minecraft:wheat":638,"sophisticatedbackpacks:iron_backpack":1,"minecraft:cooked_beef":3,"sophisticatedbackpacks:backpack":1,"minecraft:crafting_table":2,"minecraft:wooden_pickaxe":1,"minecraft:iron_helmet":1,"minecraft:iron_sword":1,"minecraft:copper_ingot":12,"sophisticatedbackpacks:gold_backpack":1,"minecraft:bucket":1,"sophisticatedbackpacks:upgrade_base":1,"minecraft:bread":225,"minecraft:air":0,"minecraft:jungle_planks":24,"minecraft:oak_boat":1,"minecraft:iron_chestplate":1,"minecraft:gold_nugget":189,"minecraft:stick":20,"minecraft:iron_ingot":103,"minecraft:iron_pickaxe":1,"minecraft:wooden_axe":1,"minecraft:iron_block":1,"minecraft:iron_shovel":1,"minecraft:iron_leggings":1,"minecraft:gold_ingot":30,"cobblemon:ultra_ball":4},"minecraft:custom":{"minecraft:mob_kills":19,"minecraft:interact_with_crafting_table":23,"minecraft:open_barrel":1,"minecraft:eat_cake_slice":2,"minecraft:leave_game":7,"minecraft:time_since_death":79858,"minecraft:climb_one_cm":7560,"minecraft:sprint_one_cm":271890,"minecraft:walk_one_cm":200251,"minecraft:drop":31,"minecraft:talked_to_villager":15,"minecraft:play_time":95481,"minecraft:deaths":1,"minecraft:sneak_time":974,"minecraft:walk_under_water_one_cm":13369,"minecraft:boat_one_cm":81675,"minecraft:jump":2184,"minecraft:walk_on_water_one_cm":5311,"minecraft:total_world_time":95481,"minecraft:interact_with_furnace":21,"minecraft:traded_with_villager":8,"minecraft:sleep_in_bed":1,"minecraft:time_since_rest":47098,"minecraft:damage_taken":1147,"minecraft:damage_dealt":3057,"minecraft:swim_one_cm":38520,"minecraft:fly_one_cm":355707,"minecraft:open_chest":20,"minecraft:crouch_one_cm":2141,"minecraft:fall_one_cm":66810},"minecraft:used":{"minecraft:polished_deepslate":1,"minecraft:iron_sword":5,"minecraft:player_head":1,"minecraft:dirt":1,"minecraft:iron_hoe":70,"minecraft:wooden_axe":36,"minecraft:lantern":1,"minecraft:iron_axe":58,"minecraft:item_frame":1,"minecraft:furnace":6,"minecraft:oak_sapling":1,"minecraft:egg":3,"minecraft:cooked_beef":3,"minecraft:potato":5,"minecraft:water_bucket":14,"minecraft:diorite":1,"minecraft:stone_pickaxe":28,"minecraft:oak_planks":21,"minecraft:wooden_pickaxe":3,"minecraft:terracotta":10,"minecraft:crafting_table":10,"minecraft:oak_log":2,"minecraft:bread":17,"minecraft:iron_pickaxe":90,"minecraft:cobblestone":11,"minecraft:bucket":15,"minecraft:andesite":1,"minecraft:oak_boat":2,"minecraft:coarse_dirt":4},"minecraft:killed":{"minecraft:skeleton":2,"minecraft:husk":2,"minecraft:pig":1,"cobblemon:pokemon":5,"minecraft:creeper":1,"minecraft:zombie":4,"minecraft:cow":4},"minecraft:dropped":{"minecraft:porkchop":1,"minecraft:wheat_seeds":2,"minecraft:copper_ingot":3,"minecraft:leather_helmet":2,"minecraft:stick":2,"minecraft:jungle_sapling":1,"minecraft:gold_nugget":8,"minecraft:paper":25,"minecraft:iron_nugget":3,"minecraft:raw_copper":1,"minecraft:wheat":1,"minecraft:rotten_flesh":8,"minecraft:oak_planks":3,"minecraft:suspicious_stew":1,"minecraft:filled_map":2,"minecraft:leather_chestplate":1,"minecraft:leather_boots":2,"minecraft:arrow":2,"minecraft:stone_pickaxe":1,"minecraft:wooden_pickaxe":2,"minecraft:terracotta":4}},"DataVersion":3465}