{"stats":{"minecraft:broken":{"minecraft:wooden_axe":1},"minecraft:custom":{"minecraft:mob_kills":20,"minecraft:interact_with_crafting_table":4,"minecraft:damage_dealt_resisted":443,"minecraft:time_since_death":8066,"minecraft:sleep_in_bed":1,"minecraft:climb_one_cm":6052,"minecraft:damage_resisted":244,"minecraft:time_since_rest":8098,"minecraft:sprint_one_cm":117228,"minecraft:damage_taken":1911,"minecraft:walk_one_cm":98931,"minecraft:drop":21,"minecraft:damage_dealt":1176,"minecraft:swim_one_cm":5991,"minecraft:talked_to_villager":2,"minecraft:fly_one_cm":163508,"minecraft:crouch_one_cm":772,"minecraft:play_time":50098,"minecraft:deaths":4,"minecraft:sneak_time":649,"minecraft:walk_under_water_one_cm":1966,"minecraft:jump":600,"minecraft:walk_on_water_one_cm":9657,"minecraft:total_world_time":50098,"minecraft:fall_one_cm":18278},"minecraft:killed":{"minecraft:parrot":1,"minecraft:pig":1,"naturalist:firefly":1,"minecraft:iron_golem":1,"minecraft:sheep":2,"jujutsucraft:crow":1,"minecraft:chicken":4,"minecraft:turtle":3,"jujutsucraft:cursed_spirit_grade_38":1,"jujutsucraft:cursed_spirit_grade_34":1,"jujutsucraft:cursed_spirit_grade_319":1,"minecraft:villager":1,"naturalist:giraffe":2},"minecraft:crafted":{"minecraft:oak_planks":48,"minecraft:crafting_table":1,"minecraft:wooden_pickaxe":1,"minecraft:oak_boat":1,"minecraft:stick":8,"minecraft:stone_pickaxe":1,"minecraft:stone_sword":1},"minecraft:picked_up":{"minecraft:wooden_axe":1,"minecraft:stripped_oak_log":1,"minecraft:seagrass":2,"minecraft:crafting_table":4,"minecraft:leather_chestplate":1,"minecraft:feather":6,"minecraft:chicken":3,"minecraft:jungle_log":3,"jujutsucraft:uniform_normal_boots":1,"minecraft:oak_log":17,"jujutsucraft:pendant_todo_aoi":1,"naturalist:bass":1,"jujutsucraft:cursed_technique_starter":3,"comforts:sleeping_bag_white":2,"minecraft:iron_ingot":3,"minecraft:oak_boat":1,"minecraft:poppy":2,"minecraft:egg":2,"jujutsucraft:item_insect":1,"minecraft:porkchop":1,"jujutsucraft:uniform_normal_chestplate":1,"minecraft:stone_sword":1,"minecraft:oak_sapling":12,"minecraft:mutton":1,"minecraft:coal":16,"minecraft:white_wool":1,"minecraft:cobblestone":22},"minecraft:killed_by":{"jujutsucraft:mahito":1,"jujutsucraft:cursed_spirit_grade_09":1,"jujutsucraft:eight_handled_swrod_divergent_sila_divine_general_mahoraga":1,"jujutsucraft:rozetsu":1},"minecraft:dropped":{"jujutsucraft:cursed_technique_starter":3,"jujutsucraft:uniform_normal_leggings":1,"minecraft:oak_log":1,"minecraft:crafting_table":1,"jujutsucraft:uniform_normal_chestplate":2,"jujutsucraft:item_insect":1,"minecraft:oak_sapling":11,"jujutsucraft:uniform_normal_boots":2,"jujutsucraft:pendant_todo_aoi":1},"minecraft:used":{"minecraft:stone_sword":13,"minecraft:stone_pickaxe":36,"minecraft:wooden_pickaxe":3,"minecraft:crafting_table":3,"minecraft:wooden_axe":10,"minecraft:egg":2,"minecraft:oak_boat":1,"comforts:sleeping_bag_white":1},"minecraft:mined":{"minecraft:crafting_table":3,"minecraft:grass":4,"minecraft:oak_log":4,"minecraft:coal_ore":16,"minecraft:vine":1,"minecraft:stripped_oak_log":1,"minecraft:stone":22,"minecraft:oak_leaves":1}},"DataVersion":3465}