{"stats":{"minecraft:custom":{"minecraft:time_since_rest":26098,"minecraft:crouch_one_cm":223,"minecraft:play_time":26098,"minecraft:sprint_one_cm":7568,"minecraft:damage_taken":180,"minecraft:walk_one_cm":31250,"minecraft:sneak_time":167,"minecraft:walk_under_water_one_cm":141,"minecraft:mob_kills":4,"minecraft:drop":9,"minecraft:jump":158,"minecraft:damage_dealt":25,"minecraft:walk_on_water_one_cm":1100,"minecraft:time_since_death":26098,"minecraft:total_world_time":26098,"minecraft:climb_one_cm":4953,"minecraft:swim_one_cm":629,"minecraft:fall_one_cm":5320,"minecraft:fly_one_cm":35507},"minecraft:killed":{"minecraft:sheep":2,"minecraft:turtle":1,"minecraft:chicken":1},"minecraft:picked_up":{"minecraft:seagrass":2,"minecraft:chicken":1,"jujutsucraft:pendant_todo_aoi":1,"minecraft:feather":2,"jujutsucraft:cursed_technique_starter":1,"jujutsucraft:item_insect":1,"jujutsucraft:uniform_normal_boots":1,"minecraft:oak_log":4,"jujutsucraft:uniform_normal_chestplate":1,"minecraft:mutton":1,"minecraft:white_wool":1,"naturalist:bass":1},"minecraft:dropped":{"jujutsucraft:cursed_technique_starter":1,"jujutsucraft:item_insect":1,"minecraft:oak_log":1,"jujutsucraft:uniform_normal_leggings":1,"jujutsucraft:uniform_normal_boots":2,"jujutsucraft:pendant_todo_aoi":1,"jujutsucraft:uniform_normal_chestplate":2},"minecraft:mined":{"minecraft:oak_log":3,"minecraft:grass":3}},"DataVersion":3465}