{"stats":{"minecraft:broken":{"minecraft:stone_axe":1,"minecraft:wooden_axe":1},"minecraft:custom":{"minecraft:mob_kills":69,"minecraft:interact_with_crafting_table":7,"minecraft:open_barrel":31,"minecraft:damage_dealt_resisted":18903,"minecraft:time_since_death":4910,"minecraft:climb_one_cm":8749,"minecraft:damage_resisted":19661,"minecraft:sprint_one_cm":656127,"minecraft:walk_one_cm":394371,"minecraft:drop":98,"minecraft:talked_to_villager":3,"minecraft:play_time":122098,"minecraft:deaths":37,"minecraft:sneak_time":1337,"minecraft:walk_under_water_one_cm":32101,"minecraft:jump":1802,"minecraft:interact_with_brewingstand":6,"minecraft:walk_on_water_one_cm":45910,"minecraft:total_world_time":122098,"minecraft:interact_with_furnace":2,"minecraft:sleep_in_bed":1,"minecraft:time_since_rest":4955,"minecraft:damage_taken":20272,"minecraft:trigger_trapped_chest":2,"minecraft:damage_dealt":2861,"minecraft:swim_one_cm":20984,"minecraft:fly_one_cm":857623,"minecraft:open_chest":23,"minecraft:crouch_one_cm":827,"minecraft:fall_one_cm":75176},"minecraft:killed":{"jujutsucraft:cursed_spirit_grade_32":3,"jujutsucraft:cursed_spirit_grade_33":4,"jujutsucraft:cursed_spirit_grade_37":2,"jujutsucraft:cursed_spirit_grade_318":1,"jujutsucraft:cursed_spirit_grade_316":1,"jujutsucraft:transfigured_human_2":1,"jujutsucraft:cursed_spirit_grade_39":4,"jujutsucraft:cursed_spirit_grade_312":1,"jujutsucraft:cursed_spirit_grade_313":1,"minecraft:chicken":4,"jujutsucraft:cursed_spirit_grade_23":1,"jujutsucraft:cursed_spirit_grade_34":4,"jujutsucraft:cursed_spirit_grade_317":1,"minecraft:turtle":3,"jujutsucraft:cursed_spirit_grade_38":1,"jujutsucraft:nobara_kugisaki":1,"jujutsucraft:mei_mei":1,"naturalist:giraffe":2,"minecraft:parrot":1,"minecraft:pig":1,"jujutsucraft:jujutsu_sorcerer":1,"naturalist:firefly":1,"naturalist:butterfly":1,"minecraft:iron_golem":1,"minecraft:bat":1,"jujutsucraft:itadori_yuji":1,"minecraft:sheep":2,"minecraft:trader_llama":1,"jujutsucraft:cursed_spirit_grade_314":6,"jujutsucraft:crow":3,"jujutsucraft:cursed_spirit_grade_311":1,"jujutsucraft:cursed_spirit_grade_310":2,"jujutsucraft:cursed_spirit_grade_36":4,"jujutsucraft:cursed_spirit_grade_25":1,"jujutsucraft:cursed_spirit_grade_315":1,"jujutsucraft:cursed_spirit_grade_212":1,"jujutsucraft:cursed_spirit_grade_319":1,"jujutsucraft:cursed_spirit_grade_06":1,"minecraft:villager":1},"minecraft:crafted":{"minecraft:oak_planks":48,"minecraft:stone_pickaxe":1,"minecraft:crafting_table":1,"minecraft:wooden_pickaxe":1,"minecraft:stone_axe":2,"minecraft:jungle_planks":4,"minecraft:oak_boat":1,"minecraft:stick":8,"minecraft:iron_pickaxe":1,"minecraft:stone_sword":1},"minecraft:picked_up":{"minecraft:wooden_axe":1,"minecraft:seagrass":2,"minecraft:crafting_table":6,"minecraft:black_carpet":3,"minecraft:chicken":3,"minecraft:ladder":1,"minecraft:leather_leggings":1,"jujutsucraft:uniform_normal_boots":1,"jujutsucraft:nail":1,"minecraft:oak_stairs":1,"minecraft:item_frame":8,"comforts:sleeping_bag_white":2,"minecraft:oak_boat":1,"minecraft:player_head":1,"minecraft:jungle_sapling":5,"minecraft:poppy":4,"minecraft:iron_pickaxe":1,"jujutsucraft:sword_of_extermination":1,"minecraft:birch_sapling":10,"minecraft:egg":2,"minecraft:stick":28,"minecraft:stone":1,"minecraft:porkchop":1,"jujutsucraft:clothes_nanami_helmet":1,"minecraft:carrot":2,"minecraft:andesite_wall":1,"minecraft:stone_sword":2,"jujutsucraft:naginata":1,"jujutsucraft:clothes_kusakabe_leggings":1,"minecraft:mangrove_door":2,"minecraft:mutton":1,"minecraft:cod":2,"minecraft:white_wool":1,"minecraft:cobblestone":27,"minecraft:stripped_oak_log":1,"jujutsucraft:clothes_kusakabe_chestplate":1,"minecraft:leather_chestplate":1,"minecraft:feather":6,"minecraft:jungle_log":479,"minecraft:leather":1,"minecraft:birch_planks":2,"minecraft:oak_log":17,"minecraft:prismarine_bricks":1,"jujutsucraft:fester_life_blade":1,"jujutsucraft:pendant_todo_aoi":3,"jujutsucraft:weapon_nanami":1,"naturalist:bass":2,"jujutsucraft:cursed_technique_starter":5,"minecraft:iron_ingot":3,"minecraft:stone_pickaxe":1,"jujutsucraft:sword_miwa_kasumi":2,"minecraft:oak_planks":6,"jujutsucraft:glasses_maki_helmet":2,"jujutsucraft:item_insect":1,"jujutsucraft:uniform_normal_chestplate":1,"jujutsucraft:uniform_gojo_chestplate":1,"jujutsucraft:sunglasses_helmet":1,"minecraft:diamond":14,"minecraft:stone_axe":1,"minecraft:painting":5,"minecraft:oak_sapling":12,"minecraft:andesite_slab":1,"minecraft:coal":49,"minecraft:bricks":4},"minecraft:killed_by":{"jujutsucraft:cursed_spirit_grade_01":2,"jujutsucraft:itadori_yuji":1,"jujutsucraft:shikigami_pterosaur":1,"jujutsucraft:mahito":1,"jujutsucraft:uro_takako":1,"jujutsucraft:cursed_spirit_grade_09":1,"jujutsucraft:miguel":1,"jujutsucraft:cursed_spirit_grade_08":1,"jujutsucraft:cursed_spirit_grade_19":2,"jujutsucraft:sukuna":3,"jujutsucraft:hanami":1,"jujutsucraft:itadori_yuji_shinjuku":3,"jujutsucraft:rozetsu":1,"jujutsucraft:cursed_spirit_grade_212":4,"jujutsucraft:sukuna_fushiguro":2,"jujutsucraft:zenin_chojuro":2,"jujutsucraft:higuruma_hiromi":2,"jujutsucraft:dhruv_lakdawalla":1,"jujutsucraft:mei_mei":2,"jujutsucraft:cursed_spirit_grade_06":2,"jujutsucraft:eight_handled_swrod_divergent_sila_divine_general_mahoraga":3},"minecraft:dropped":{"jujutsucraft:cursed_technique_starter":5,"minecraft:birch_planks":2,"minecraft:oak_log":6,"minecraft:crafting_table":1,"minecraft:feather":6,"minecraft:andesite_wall":1,"jujutsucraft:glasses_maki_helmet":2,"jujutsucraft:clothes_nanami_helmet":1,"minecraft:coal":64,"minecraft:cod":2,"minecraft:item_frame":1,"minecraft:stick":25,"jujutsucraft:slaughter_demon":1,"jujutsucraft:item_insect":1,"naturalist:bass":2,"minecraft:mutton":1,"minecraft:seagrass":2,"jujutsucraft:sunglasses_helmet":1,"minecraft:jungle_sapling":5,"minecraft:oak_stairs":1,"jujutsucraft:muscular_body_chestplate":1,"minecraft:iron_pickaxe":1,"jujutsucraft:fester_life_blade":1,"jujutsucraft:pendant_todo_aoi":4,"minecraft:white_wool":1,"jujutsucraft:sword_of_extermination":1,"jujutsucraft:hiten":1,"minecraft:bricks":4,"minecraft:stone_axe":1,"minecraft:player_head":2,"jujutsucraft:uniform_normal_leggings":1,"minecraft:stone_sword":3,"jujutsucraft:sword_miwa_kasumi":2,"minecraft:black_carpet":3,"minecraft:andesite_slab":1,"minecraft:birch_sapling":10,"jujutsucraft:cursed_technique_changer":1,"minecraft:chicken":3,"minecraft:oak_planks":38,"jujutsucraft:nail":2,"minecraft:mangrove_door":2,"jujutsucraft:naginata":1,"jujutsucraft:uniform_normal_chestplate":2,"minecraft:poppy":4,"minecraft:jungle_log":414,"minecraft:oak_sapling":12,"minecraft:ladder":1,"minecraft:painting":5,"jujutsucraft:clothes_kusakabe_chestplate":1,"minecraft:stone_pickaxe":2,"minecraft:prismarine_bricks":1,"jujutsucraft:uniform_normal_boots":2,"jujutsucraft:uniform_gojo_chestplate":1},"minecraft:used":{"minecraft:stone_sword":24,"jujutsucraft:slaughter_demon":2,"jujutsucraft:weapon_nanami":5,"minecraft:wooden_axe":10,"comforts:sleeping_bag_white":1,"minecraft:egg":2,"minecraft:stone_pickaxe":38,"minecraft:wooden_pickaxe":3,"minecraft:crafting_table":5,"minecraft:iron_pickaxe":50,"jujutsucraft:sword_of_extermination":1,"minecraft:stone_axe":17,"minecraft:oak_boat":2,"minecraft:splash_potion":1},"minecraft:mined":{"minecraft:diamond_ore":13,"minecraft:tuff":1,"minecraft:ladder":1,"minecraft:jungle_log":1,"minecraft:white_concrete":1,"minecraft:black_carpet":3,"minecraft:dark_oak_stairs":1,"minecraft:vine":2,"minecraft:oak_stairs":1,"minecraft:stripped_oak_log":1,"minecraft:stone":24,"minecraft:player_head":1,"minecraft:crafting_table":5,"minecraft:andesite_slab":1,"minecraft:glass":1,"minecraft:cobblestone":1,"minecraft:oak_planks":6,"minecraft:bricks":2,"minecraft:prismarine_bricks":1,"minecraft:birch_planks":2,"minecraft:birch_leaves":1,"minecraft:grass":4,"minecraft:coal_ore":40,"minecraft:oak_log":4,"minecraft:dirt":1,"minecraft:oak_leaves":1,"minecraft:fern":1}},"DataVersion":3465}