{"stats":{"minecraft:mined":{"minecraft:jungle_leaves":2,"minecraft:gray_stained_glass_pane":1,"minecraft:crafting_table":3,"minecraft:jungle_log":4,"minecraft:dead_bush":1,"minecraft:cobblestone":5,"minecraft:dried_kelp_block":1,"cobblemon:oran_berry":1,"minecraft:furnace":1,"minecraft:iron_ore":6,"cobblemon:persim_berry":1,"minecraft:grass":1,"minecraft:oak_log":50,"minecraft:coal_ore":4,"minecraft:deepslate_iron_ore":3,"minecraft:smooth_quartz":3,"minecraft:stone":29,"minecraft:bone_block":2,"minecraft:oak_leaves":10,"minecraft:deepslate":6},"minecraft:picked_up":{"minecraft:cocoa_beans":4,"minecraft:crafting_table":3,"minecraft:air":0,"minecraft:feather":1,"minecraft:chicken":1,"minecraft:jungle_log":4,"minecraft:brown_mushroom":1,"minecraft:oak_log":50,"minecraft:lapis_lazuli":7,"cobblemon:wepear_berry":1,"minecraft:string":5,"minecraft:bone":1,"minecraft:apple":1,"minecraft:cobbled_deepslate":2,"minecraft:bucket":1,"minecraft:iron_ingot":39,"cobblemon:oran_berry":3,"minecraft:player_head":1,"minecraft:smooth_quartz":3,"minecraft:rabbit":1,"minecraft:furnace":1,"minecraft:stick":1,"minecraft:raw_iron":9,"minecraft:torch":4,"minecraft:porkchop":2,"minecraft:spider_eye":1,"cobblemon:healing_machine":1,"minecraft:arrow":1,"minecraft:dried_kelp_block":1,"minecraft:golden_apple":1,"minecraft:bread":25,"minecraft:coal":7,"minecraft:bone_block":2,"minecraft:white_wool":1,"minecraft:cobblestone":31},"minecraft:crafted":{"minecraft:oak_planks":8,"minecraft:crafting_table":2,"minecraft:wooden_pickaxe":1,"minecraft:iron_helmet":1,"minecraft:iron_sword":1,"minecraft:furnace":1,"minecraft:jungle_planks":16,"minecraft:iron_boots":1,"minecraft:iron_chestplate":1,"minecraft:shield":1,"minecraft:iron_axe":1,"minecraft:stick":12,"minecraft:iron_ingot":4,"minecraft:iron_pickaxe":1,"minecraft:stone_pickaxe":1,"minecraft:iron_leggings":1,"minecraft:torch":12},"minecraft:custom":{"minecraft:interact_with_furnace":2,"minecraft:mob_kills":17,"minecraft:interact_with_crafting_table":9,"minecraft:open_barrel":2,"minecraft:interact_with_loom":1,"minecraft:leave_game":5,"minecraft:time_since_death":4925,"minecraft:climb_one_cm":177,"minecraft:time_since_rest":4961,"minecraft:sprint_one_cm":35337,"minecraft:damage_taken":1796,"minecraft:walk_one_cm":111927,"minecraft:damage_blocked_by_shield":80,"minecraft:drop":15,"minecraft:damage_dealt":2991,"minecraft:swim_one_cm":1186,"minecraft:fly_one_cm":51716,"minecraft:crouch_one_cm":53,"minecraft:play_time":40211,"minecraft:sneak_time":51,"minecraft:deaths":4,"minecraft:walk_under_water_one_cm":160,"minecraft:jump":483,"minecraft:walk_on_water_one_cm":1013,"minecraft:total_world_time":40211,"minecraft:fall_one_cm":11315},"minecraft:killed_by":{"minecraft:skeleton":1,"minecraft:creeper":1,"minecraft:zombie":2},"minecraft:used":{"minecraft:stone_pickaxe":65,"minecraft:shield":4,"minecraft:wooden_pickaxe":3,"minecraft:iron_sword":7,"minecraft:torch":5,"minecraft:crafting_table":4,"minecraft:iron_axe":81,"minecraft:bread":11,"minecraft:iron_pickaxe":11,"minecraft:smooth_quartz":1,"minecraft:cobblestone":6,"minecraft:furnace":1},"minecraft:killed":{"minecraft:cave_spider":2,"cobblemon:pokemon":1,"minecraft:spider":4,"minecraft:skeleton":2,"minecraft:zombie":8},"minecraft:dropped":{"minecraft:porkchop":2,"minecraft:cocoa_beans":4,"minecraft:chicken":1,"minecraft:feather":1,"minecraft:jungle_planks":1,"minecraft:coal":1,"minecraft:stick":1,"minecraft:dried_kelp_block":1,"minecraft:rabbit":1,"minecraft:spider_eye":1,"minecraft:wooden_pickaxe":1,"minecraft:stone_pickaxe":1}},"DataVersion":3465}