{"stats":{"minecraft:mined":{"minecraft:jungle_leaves":2,"minecraft:crafting_table":2,"minecraft:jungle_log":4,"minecraft:dead_bush":1,"minecraft:cobblestone":5,"minecraft:dried_kelp_block":1,"cobblemon:oran_berry":1,"minecraft:furnace":1,"minecraft:iron_ore":6,"cobblemon:persim_berry":1,"minecraft:grass":1,"minecraft:oak_log":50,"minecraft:coal_ore":4,"minecraft:deepslate_iron_ore":3,"minecraft:smooth_quartz":1,"minecraft:stone":29,"minecraft:bone_block":2,"minecraft:oak_leaves":10,"minecraft:deepslate":6},"minecraft:picked_up":{"minecraft:cocoa_beans":4,"minecraft:crafting_table":2,"minecraft:air":0,"minecraft:feather":1,"minecraft:chicken":1,"minecraft:jungle_log":4,"minecraft:brown_mushroom":1,"minecraft:oak_log":50,"cobblemon:wepear_berry":1,"minecraft:lapis_lazuli":7,"minecraft:string":4,"minecraft:bone":1,"minecraft:apple":1,"minecraft:cobbled_deepslate":2,"minecraft:bucket":1,"minecraft:iron_ingot":2,"cobblemon:oran_berry":3,"minecraft:player_head":1,"minecraft:smooth_quartz":1,"minecraft:rabbit":1,"minecraft:furnace":1,"minecraft:raw_iron":9,"minecraft:stick":1,"minecraft:torch":4,"minecraft:porkchop":2,"minecraft:spider_eye":1,"cobblemon:healing_machine":1,"minecraft:arrow":1,"minecraft:dried_kelp_block":1,"minecraft:bread":25,"minecraft:coal":7,"minecraft:bone_block":2,"minecraft:white_wool":1,"minecraft:cobblestone":31},"minecraft:crafted":{"minecraft:oak_planks":8,"minecraft:crafting_table":2,"minecraft:wooden_pickaxe":1,"minecraft:furnace":1,"minecraft:jungle_planks":16,"minecraft:iron_axe":1,"minecraft:stick":12,"minecraft:iron_ingot":4,"minecraft:iron_pickaxe":1,"minecraft:stone_pickaxe":1,"minecraft:torch":4},"minecraft:custom":{"minecraft:interact_with_furnace":2,"minecraft:mob_kills":15,"minecraft:interact_with_crafting_table":7,"minecraft:open_barrel":2,"minecraft:interact_with_loom":1,"minecraft:leave_game":4,"minecraft:time_since_death":1920,"minecraft:climb_one_cm":177,"minecraft:time_since_rest":1956,"minecraft:sprint_one_cm":34447,"minecraft:damage_taken":1715,"minecraft:walk_one_cm":97194,"minecraft:drop":15,"minecraft:damage_dealt":2681,"minecraft:swim_one_cm":1186,"minecraft:fly_one_cm":49603,"minecraft:crouch_one_cm":53,"minecraft:play_time":37206,"minecraft:deaths":4,"minecraft:sneak_time":50,"minecraft:walk_under_water_one_cm":160,"minecraft:jump":457,"minecraft:walk_on_water_one_cm":1013,"minecraft:total_world_time":37206,"minecraft:fall_one_cm":11315},"minecraft:killed_by":{"minecraft:skeleton":1,"minecraft:creeper":1,"minecraft:zombie":2},"minecraft:used":{"minecraft:stone_pickaxe":65,"minecraft:wooden_pickaxe":3,"minecraft:torch":3,"minecraft:crafting_table":3,"minecraft:iron_axe":80,"minecraft:bread":9,"minecraft:iron_pickaxe":9,"minecraft:smooth_quartz":1,"minecraft:cobblestone":6,"minecraft:furnace":1},"minecraft:killed":{"cobblemon:pokemon":1,"minecraft:spider":4,"minecraft:skeleton":2,"minecraft:zombie":8},"minecraft:dropped":{"minecraft:porkchop":2,"minecraft:cocoa_beans":4,"minecraft:chicken":1,"minecraft:feather":1,"minecraft:jungle_planks":1,"minecraft:coal":1,"minecraft:stick":1,"minecraft:dried_kelp_block":1,"minecraft:rabbit":1,"minecraft:spider_eye":1,"minecraft:stone_pickaxe":1,"minecraft:wooden_pickaxe":1}},"DataVersion":3465}