{"stats":{"minecraft:broken":{"minecraft:stone_axe":1,"minecraft:wooden_axe":1},"minecraft:custom":{"minecraft:interact_with_crafting_table":7,"minecraft:open_barrel":40,"minecraft:time_since_death":2924,"minecraft:damage_resisted":105117,"minecraft:sprint_one_cm":1294836,"minecraft:drop":196,"minecraft:talked_to_villager":3,"minecraft:play_time":212098,"minecraft:deaths":60,"minecraft:interact_with_brewingstand":6,"minecraft:jump":3633,"minecraft:walk_on_water_one_cm":162601,"minecraft:interact_with_furnace":2,"minecraft:sleep_in_bed":1,"minecraft:damage_dealt":3120,"minecraft:crouch_one_cm":1251,"minecraft:mob_kills":326,"minecraft:damage_dealt_resisted":272173,"minecraft:climb_one_cm":9196,"minecraft:walk_one_cm":778179,"minecraft:sneak_time":1478,"minecraft:walk_under_water_one_cm":92850,"minecraft:interact_with_lectern":1,"minecraft:total_world_time":212098,"minecraft:time_since_rest":2956,"minecraft:damage_taken":43851,"minecraft:damage_absorbed":81,"minecraft:trigger_trapped_chest":2,"minecraft:swim_one_cm":85614,"minecraft:fly_one_cm":2277049,"minecraft:open_chest":43,"minecraft:fall_one_cm":225542},"minecraft:killed":{"jujutsucraft:cursed_spirit_grade_32":8,"jujutsucraft:cursed_spirit_grade_33":18,"jujutsucraft:cursed_spirit_grade_37":2,"jujutsucraft:cursed_spirit_grade_35":2,"minecraft:cod":16,"minecraft:dolphin":1,"jujutsucraft:cursed_spirit_grade_39":23,"minecraft:fox":1,"jujutsucraft:cursed_spirit_grade_15":2,"minecraft:chicken":6,"jujutsucraft:cursed_spirit_grade_19":1,"jujutsucraft:cursed_spirit_grade_16":4,"minecraft:turtle":3,"jujutsucraft:cursed_spirit_grade_38":9,"jujutsucraft:cursed_spirit_grade_34":14,"jujutsucraft:nanami_kento":1,"jujutsucraft:nobara_kugisaki":1,"jujutsucraft:mei_mei":1,"jujutsucraft:kusakabe_yatsuya":1,"minecraft:parrot":1,"minecraft:pig":1,"naturalist:firefly":12,"minecraft:salmon":1,"minecraft:iron_golem":2,"jujutsucraft:itadori_yuji":1,"minecraft:sheep":2,"jujutsucraft:cursed_spirit_grade_29":1,"minecraft:trader_llama":1,"jujutsucraft:cursed_spirit_grade_314":17,"jujutsucraft:kenjaku":1,"jujutsucraft:crow":3,"jujutsucraft:cursed_spirit_grade_110":1,"jujutsucraft:cursed_spirit_grade_315":10,"jujutsucraft:cursed_spirit_grade_212":2,"jujutsucraft:cursed_spirit_grade_06":1,"jujutsucraft:transfigured_human_3":3,"jujutsucraft:cursed_spirit_grade_21":1,"minecraft:evoker":2,"minecraft:vex":3,"jujutsucraft:nue":1,"jujutsucraft:cursed_spirit_grade_24":2,"minecraft:vindicator":6,"jujutsucraft:yoshino_junpei":2,"jujutsucraft:mahito":2,"jujutsucraft:cursed_spirit_grade_318":21,"jujutsucraft:cursed_spirit_grade_316":3,"jujutsucraft:cursed_spirit_grade_26":2,"jujutsucraft:cursed_spirit_grade_22":1,"jujutsucraft:transfigured_human_2":4,"jujutsucraft:miwa_kasumi":2,"jujutsucraft:cursed_spirit_grade_04":1,"naturalist:coral_snake":1,"jujutsucraft:cursed_spirit_grade_05":1,"jujutsucraft:cursed_spirit_grade_312":1,"jujutsucraft:cursed_spirit_grade_313":3,"jujutsucraft:rabbit_escape":2,"jujutsucraft:cursed_spirit_grade_23":3,"jujutsucraft:itadori_yuji_shibuya":1,"jujutsucraft:cursed_spirit_grade_317":5,"jujutsucraft:cockroach_larva":1,"jujutsucraft:kurusu_hana":1,"jujutsucraft:cursed_spirit_grade_27":1,"naturalist:giraffe":2,"jujutsucraft:dagon_2":1,"jujutsucraft:dagon_1":1,"jujutsucraft:jujutsu_sorcerer":2,"naturalist:butterfly":1,"minecraft:rabbit":1,"minecraft:bat":5,"jujutsucraft:coffin":1,"jujutsucraft:curse_user":2,"minecraft:squid":3,"jujutsucraft:entity_scissors":14,"jujutsucraft:cursed_spirit_grade_311":3,"jujutsucraft:cursed_spirit_grade_310":3,"jujutsucraft:cursed_spirit_grade_36":7,"jujutsucraft:cursed_spirit_grade_25":2,"jujutsucraft:hoshi_kirara":1,"jujutsucraft:cursed_spirit_grade_319":4,"jujutsucraft:cursed_spirit_grade_02":1,"minecraft:villager":1,"jujutsucraft:q":1,"jujutsucraft:gravestone_3":1},"minecraft:crafted":{"minecraft:oak_planks":48,"minecraft:crafting_table":1,"minecraft:wooden_pickaxe":1,"minecraft:stick":8,"minecraft:iron_pickaxe":1,"minecraft:stone_sword":1,"minecraft:stone_pickaxe":1,"minecraft:stone_axe":2,"minecraft:jungle_planks":4,"minecraft:oak_boat":1},"minecraft:picked_up":{"minecraft:wooden_axe":1,"minecraft:seagrass":2,"minecraft:black_carpet":3,"jujutsucraft:slaughter_demon":1,"jujutsucraft:uniform_normal_boots":1,"jujutsucraft:nail":1,"minecraft:oak_stairs":1,"jujutsucraft:clothes_geto_boots":1,"jujutsucraft:cursed_technique_changer":8,"minecraft:stone_brick_stairs":7,"comforts:sleeping_bag_white":2,"minecraft:dark_oak_leaves":1,"minecraft:iron_pickaxe":2,"minecraft:tipped_arrow":2,"minecraft:stick":28,"jujutsucraft:sword_okkotsu_yuta":1,"minecraft:porkchop":1,"jujutsucraft:clothes_nanami_helmet":1,"minecraft:andesite_wall":1,"minecraft:stone_sword":2,"jujutsucraft:naginata":2,"jujutsucraft:clothes_kashimo_hajime_helmet":2,"jujutsucraft:clothes_kusakabe_leggings":1,"jujutsucraft:hammer":1,"minecraft:mangrove_door":2,"minecraft:cod":10,"minecraft:cobblestone":28,"jujutsucraft:recommendation_2":1,"jujutsucraft:clothes_kusakabe_chestplate":1,"minecraft:leather_chestplate":1,"minecraft:feather":7,"minecraft:lilac":1,"minecraft:iron_door":2,"minecraft:jungle_log":479,"minecraft:andesite":2,"jujutsucraft:clothes_kashimo_hajime_leggings":2,"minecraft:prismarine_bricks":1,"minecraft:dirt":22,"jujutsucraft:pendant_todo_aoi":3,"jujutsucraft:cursed_technique_starter":5,"jujutsucraft:clothes_jogo_helmet":1,"jujutsucraft:clothes_zenin_2_leggings":1,"minecraft:oak_planks":6,"jujutsucraft:glasses_maki_helmet":2,"jujutsucraft:nyoi_staff":2,"minecraft:diorite_wall":6,"jujutsucraft:uniform_normal_chestplate":1,"jujutsucraft:uniform_gojo_chestplate":3,"jujutsucraft:uniform_gojo_helmet":2,"minecraft:grass_block":6,"jujutsucraft:hiten":1,"minecraft:diamond":14,"jujutsucraft:clothes_kashimo_hajime_chestplate":1,"jujutsucraft:uniform_okkotsu_chestplate":2,"minecraft:white_concrete":2,"minecraft:emerald":5,"minecraft:oak_sapling":12,"minecraft:bricks":4,"minecraft:andesite_slab":1,"jujutsucraft:item_master_six_eyes":1,"minecraft:oak_leaves":3,"minecraft:crafting_table":6,"minecraft:ladder":2,"minecraft:chicken":8,"minecraft:leather_leggings":1,"minecraft:item_frame":8,"minecraft:oak_boat":1,"jujutsucraft:clothes_dagon_chestplate":1,"minecraft:player_head":1,"minecraft:jungle_sapling":5,"minecraft:poppy":4,"jujutsucraft:sword_of_extermination":4,"minecraft:birch_sapling":12,"jujutsucraft:clothes_kashimo_hajime_boots":1,"minecraft:egg":2,"jujutsucraft:uniform_geto_leggings":1,"minecraft:stone":28,"minecraft:carrot":2,"jujutsucraft:mythical_beast_amber_head":2,"minecraft:totem_of_undying":2,"minecraft:mutton":1,"minecraft:white_wool":1,"minecraft:stripped_oak_log":1,"minecraft:tripwire_hook":1,"minecraft:leather":2,"minecraft:birch_planks":2,"jujutsucraft:sukuna_finger":1,"minecraft:oak_log":17,"jujutsucraft:clothes_geto_leggings":2,"jujutsucraft:fester_life_blade":1,"minecraft:deepslate_tile_slab":1,"jujutsucraft:clothes_geto_chestplate":1,"naturalist:glow_goop":2,"naturalist:bass":5,"jujutsucraft:weapon_nanami":1,"minecraft:stone_bricks":15,"jujutsucraft:clothes_jogo_chestplate":1,"minecraft:kelp":4,"minecraft:iron_ingot":7,"minecraft:stone_pickaxe":1,"jujutsucraft:sword_miwa_kasumi":2,"minecraft:glass_bottle":1,"jujutsucraft:item_insect":1,"minecraft:gravel":5,"jujutsucraft:sunglasses_helmet":1,"minecraft:stone_axe":1,"minecraft:painting":6,"jujutsucraft:clothes_dagon_helmet":2,"minecraft:coal":49},"minecraft:killed_by":{"jujutsucraft:cursed_spirit_grade_01":2,"jujutsucraft:itadori_yuji":1,"jujutsucraft:shikigami_pterosaur":1,"jujutsucraft:cursed_spirit_grade_09":1,"jujutsucraft:miguel":1,"jujutsucraft:cursed_spirit_grade_08":1,"jujutsucraft:tsukumo_yuki":1,"jujutsucraft:fushiguro_toji":3,"jujutsucraft:sukuna":3,"jujutsucraft:cursed_spirit_grade_04":1,"jujutsucraft:cursed_spirit_grade_212":4,"jujutsucraft:higuruma_hiromi":3,"jujutsucraft:mei_mei":2,"jujutsucraft:cursed_spirit_grade_06":2,"jujutsucraft:eight_handled_swrod_divergent_sila_divine_general_mahoraga":3,"jujutsucraft:cursed_spirit_grade_38":1,"jujutsucraft:cursed_spirit_grade_14":1,"jujutsucraft:kenjaku":2,"jujutsucraft:mahito":1,"jujutsucraft:kashimo_hajime":4,"jujutsucraft:uro_takako":1,"jujutsucraft:cursed_spirit_grade_19":2,"jujutsucraft:hanami":1,"jujutsucraft:fushiguro_toji_bug":2,"jujutsucraft:itadori_yuji_shinjuku":3,"jujutsucraft:rozetsu":1,"jujutsucraft:sukuna_fushiguro":2,"jujutsucraft:okkotsu_yuta_culling_game":1,"jujutsucraft:zenin_ogi":1,"jujutsucraft:zenin_chojuro":2,"jujutsucraft:dhruv_lakdawalla":1},"minecraft:dropped":{"jujutsucraft:clothes_kashimo_hajime_helmet":2,"minecraft:birch_planks":2,"minecraft:oak_log":6,"minecraft:glass_bottle":1,"minecraft:diamond":14,"minecraft:crafting_table":2,"jujutsucraft:clothes_geto_boots":2,"jujutsucraft:mythical_beast_amber_head":2,"minecraft:leather":2,"minecraft:jungle_planks":4,"jujutsucraft:clothes_nanami_helmet":1,"jujutsucraft:clothes_todo_aoi_leggings":1,"minecraft:cod":10,"minecraft:item_frame":8,"minecraft:emerald":5,"minecraft:dirt":22,"minecraft:mutton":1,"minecraft:seagrass":2,"jujutsucraft:sunglasses_helmet":1,"minecraft:jungle_sapling":5,"minecraft:iron_pickaxe":3,"jujutsucraft:clothes_kashimo_hajime_leggings":2,"jujutsucraft:pendant_todo_aoi":4,"minecraft:white_wool":1,"jujutsucraft:sukuna_finger":1,"jujutsucraft:nyoi_staff":2,"minecraft:gravel":4,"minecraft:stone_axe":2,"jujutsucraft:sword_miwa_kasumi":2,"minecraft:black_carpet":3,"minecraft:andesite_slab":1,"minecraft:birch_sapling":12,"jujutsucraft:cursed_technique_changer":1,"minecraft:oak_planks":38,"jujutsucraft:naginata":2,"minecraft:poppy":4,"minecraft:leather_chestplate":1,"minecraft:tipped_arrow":2,"minecraft:diorite_wall":6,"minecraft:jungle_log":478,"minecraft:ladder":2,"minecraft:leather_leggings":1,"jujutsucraft:hammer":1,"minecraft:painting":6,"minecraft:prismarine_bricks":1,"minecraft:stone_brick_stairs":7,"minecraft:oak_leaves":3,"jujutsucraft:uniform_gojo_chestplate":3,"minecraft:iron_ingot":4,"jujutsucraft:cursed_technique_starter":6,"jujutsucraft:clothes_geto_leggings":2,"minecraft:lilac":1,"jujutsucraft:clothes_jogo_helmet":1,"jujutsucraft:uniform_geto_leggings":2,"minecraft:feather":7,"minecraft:cobblestone":17,"minecraft:andesite_wall":1,"jujutsucraft:glasses_maki_helmet":2,"naturalist:glow_goop":2,"jujutsucraft:clothes_dagon_chestplate":1,"minecraft:deepslate_tile_slab":1,"minecraft:grass_block":5,"minecraft:coal":89,"jujutsucraft:gavel":1,"minecraft:stick":25,"jujutsucraft:slaughter_demon":2,"minecraft:dark_oak_leaves":1,"jujutsucraft:item_insect":1,"naturalist:bass":5,"minecraft:white_concrete":2,"minecraft:iron_door":2,"minecraft:oak_stairs":1,"jujutsucraft:clothes_dagon_helmet":2,"jujutsucraft:muscular_body_chestplate":1,"jujutsucraft:fester_life_blade":1,"minecraft:tripwire_hook":1,"jujutsucraft:sword_of_extermination":5,"jujutsucraft:weapon_nanami":1,"jujutsucraft:hiten":1,"minecraft:bricks":4,"minecraft:kelp":4,"minecraft:player_head":2,"jujutsucraft:uniform_normal_leggings":1,"minecraft:stone_sword":3,"minecraft:chicken":8,"jujutsucraft:nail":2,"minecraft:mangrove_door":2,"jujutsucraft:clothes_kashimo_hajime_chestplate":1,"minecraft:totem_of_undying":1,"jujutsucraft:clothes_geto_chestplate":2,"jujutsucraft:uniform_normal_chestplate":2,"minecraft:stone":25,"jujutsucraft:clothes_zenin_2_leggings":2,"minecraft:andesite":2,"minecraft:oak_sapling":12,"minecraft:stone_bricks":15,"jujutsucraft:uniform_okkotsu_chestplate":2,"jujutsucraft:uniform_gojo_helmet":2,"jujutsucraft:clothes_kusakabe_chestplate":1,"minecraft:stone_pickaxe":2,"minecraft:wooden_pickaxe":1,"jujutsucraft:uniform_normal_boots":2,"jujutsucraft:clothes_jogo_chestplate":1},"minecraft:used":{"jujutsucraft:slaughter_demon":2,"minecraft:stone":3,"jujutsucraft:sukuna_finger":21,"minecraft:grass_block":1,"minecraft:egg":2,"minecraft:stone_pickaxe":38,"minecraft:wooden_pickaxe":3,"minecraft:gravel":1,"minecraft:oak_boat":2,"minecraft:stone_sword":24,"jujutsucraft:weapon_nanami":5,"minecraft:wooden_axe":10,"minecraft:totem_of_undying":1,"comforts:sleeping_bag_white":2,"minecraft:crafting_table":5,"minecraft:iron_pickaxe":62,"jujutsucraft:sword_of_extermination":5,"minecraft:stone_axe":17,"minecraft:splash_potion":1},"minecraft:mined":{"minecraft:granite":3,"minecraft:grass_block":1,"minecraft:jungle_log":1,"minecraft:white_concrete":3,"minecraft:black_carpet":3,"minecraft:dark_oak_stairs":1,"minecraft:oak_stairs":1,"minecraft:player_head":1,"minecraft:deepslate_tile_slab":1,"minecraft:glass":1,"minecraft:cobblestone":1,"minecraft:oak_planks":6,"minecraft:bricks":2,"minecraft:iron_door":2,"minecraft:grass":4,"minecraft:oak_log":4,"minecraft:dirt":4,"minecraft:oak_leaves":1,"minecraft:diamond_ore":13,"minecraft:tuff":1,"minecraft:ladder":1,"minecraft:vine":2,"minecraft:stripped_oak_log":1,"minecraft:stone":24,"minecraft:glass_pane":4,"minecraft:crafting_table":5,"minecraft:andesite_slab":1,"minecraft:prismarine_bricks":1,"minecraft:birch_planks":2,"minecraft:birch_leaves":1,"minecraft:coal_ore":40,"minecraft:fern":1}},"DataVersion":3465}