{"stats":{"minecraft:picked_up":{"minecraft:leather_chestplate":1,"minecraft:leather_boots":1,"minecraft:rotten_flesh":2,"minecraft:leather_leggings":1,"sophisticatedbackpacks:backpack":1,"minecraft:beef":3,"minecraft:leather_helmet":1,"minecraft:egg":1},"minecraft:custom":{"minecraft:time_since_rest":5057,"minecraft:play_time":5057,"minecraft:sprint_one_cm":12298,"minecraft:damage_taken":125,"minecraft:walk_one_cm":5029,"minecraft:walk_under_water_one_cm":60,"minecraft:drop":1,"minecraft:jump":117,"minecraft:damage_dealt":90,"minecraft:walk_on_water_one_cm":616,"minecraft:time_since_death":5057,"minecraft:total_world_time":5057,"minecraft:swim_one_cm":1949,"minecraft:fall_one_cm":2357,"minecraft:fly_one_cm":28136},"minecraft:mined":{"minecraft:grass":5},"minecraft:used":{"minecraft:leather_leggings":1,"minecraft:egg":1,"minecraft:leather_helmet":1,"minecraft:leather_chestplate":1,"minecraft:leather_boots":1},"minecraft:dropped":{"minecraft:rotten_flesh":2}},"DataVersion":3465}