{"stats":{"minecraft:picked_up":{"minecraft:leather_chestplate":1,"minecraft:air":0,"minecraft:chicken":2,"minecraft:glow_ink_sac":3,"minecraft:leather_leggings":1,"cobblemon:razz_berry":23,"minecraft:flint":4,"minecraft:oak_log":2,"cobblemon:wepear_berry":28,"megamons:anistarite_geode_block":85,"minecraft:string":1,"minecraft:leather_boots":1,"minecraft:experience_bottle":1,"minecraft:bone":3,"minecraft:cobbled_deepslate":24,"minecraft:beef":3,"minecraft:iron_ingot":4,"cobblemon:oran_berry":35,"minecraft:poppy":2,"minecraft:iron_pickaxe":1,"cobblemon:quick_ball":1,"minecraft:egg":4,"minecraft:blue_wool":1,"minecraft:green_bed":1,"sophisticatedbackpacks:backpack":1,"cobblemon:persim_berry":36,"minecraft:diorite":1,"minecraft:white_bed":1,"cobblemon:leppa_berry":1,"minecraft:spider_eye":1,"minecraft:leather_helmet":1,"megamons:anistarite_rough_geode_block":4,"minecraft:arrow":2,"minecraft:honey_bottle":1,"minecraft:rotten_flesh":5,"minecraft:hay_block":20,"minecraft:granite":20,"cobblemon:black_augurite":1,"wardrobe:silk":3,"minecraft:diamond_pickaxe":1,"minecraft:cobblestone":25,"minecraft:ender_pearl":1},"minecraft:custom":{"minecraft:interact_with_furnace":2,"minecraft:mob_kills":7,"minecraft:interact_with_crafting_table":1,"minecraft:open_barrel":1,"minecraft:damage_dealt_resisted":2,"minecraft:leave_game":1,"minecraft:time_since_death":1278,"minecraft:sleep_in_bed":1,"minecraft:climb_one_cm":2834,"minecraft:time_since_rest":1314,"minecraft:sprint_one_cm":144139,"minecraft:damage_taken":2981,"minecraft:walk_one_cm":199888,"minecraft:drop":24,"minecraft:damage_dealt":1972,"minecraft:swim_one_cm":4130,"minecraft:fly_one_cm":193139,"minecraft:open_chest":11,"minecraft:crouch_one_cm":5190,"minecraft:play_time":74133,"minecraft:deaths":7,"minecraft:sneak_time":2156,"minecraft:walk_under_water_one_cm":1980,"minecraft:interact_with_brewingstand":1,"minecraft:jump":1327,"minecraft:walk_on_water_one_cm":12967,"minecraft:total_world_time":74133,"minecraft:fall_one_cm":35122},"minecraft:mined":{"megamons:anistarite_rough_geode_block":4,"minecraft:white_bed":1,"megamons:anistarite_geode_block":54,"minecraft:sculk_vein":13,"minecraft:powder_snow":3,"minecraft:granite":20,"minecraft:sculk_sensor":1,"minecraft:tall_grass":2,"minecraft:sculk":420,"minecraft:diorite":1,"minecraft:hay_block":20,"minecraft:grass":5,"minecraft:oak_log":2,"minecraft:stone":30,"minecraft:deepslate":22,"minecraft:oak_leaves":1,"minecraft:green_bed":1},"minecraft:killed":{"minecraft:spider":1,"minecraft:skeleton":2,"minecraft:zombie":2,"minecraft:silverfish":2},"minecraft:crafted":{"minecraft:oak_planks":8,"minecraft:crafting_table":1,"minecraft:bread":60,"minecraft:wheat":180},"minecraft:used":{"minecraft:leather_leggings":1,"megamons:anistarite_rough_geode_block":4,"minecraft:oak_planks":4,"minecraft:ender_pearl":1,"minecraft:leather_chestplate":1,"minecraft:green_bed":1,"minecraft:leather_boots":1,"minecraft:iron_chestplate":1,"minecraft:crafting_table":1,"megamons:anistarite_geode_block":60,"minecraft:honey_bottle":2,"minecraft:iron_hoe":477,"minecraft:diamond_pickaxe":114,"minecraft:bread":20,"minecraft:iron_pickaxe":48,"minecraft:leather_helmet":1,"minecraft:iron_helmet":1,"minecraft:iron_boots":1,"minecraft:cobblestone":25,"minecraft:egg":4,"minecraft:cobbled_deepslate":9,"minecraft:experience_bottle":1,"minecraft:iron_leggings":1},"minecraft:killed_by":{"minecraft:warden":2,"minecraft:skeleton":1,"minecraft:creeper":2,"minecraft:enderman":1,"minecraft:iron_golem":1},"minecraft:dropped":{"minecraft:cobbled_deepslate":15,"minecraft:rotten_flesh":2,"megamons:anistarite_geode_block":23,"minecraft:leather_boots":1},"minecraft:broken":{"minecraft:iron_hoe":1}},"DataVersion":3465}