{"stats":{"minecraft:picked_up":{"minecraft:leather_chestplate":1,"minecraft:leather_leggings":1,"sophisticatedbackpacks:backpack":1,"cobblemon:razz_berry":4,"minecraft:oak_log":1,"cobblemon:persim_berry":10,"cobblemon:leppa_berry":1,"minecraft:spider_eye":1,"minecraft:string":1,"minecraft:leather_helmet":1,"minecraft:leather_boots":1,"minecraft:experience_bottle":1,"minecraft:honey_bottle":1,"minecraft:rotten_flesh":2,"minecraft:hay_block":13,"minecraft:beef":3,"cobblemon:oran_berry":31,"cobblemon:quick_ball":1,"minecraft:egg":4},"minecraft:custom":{"minecraft:time_since_rest":20772,"minecraft:interact_with_furnace":2,"minecraft:sprint_one_cm":49379,"minecraft:damage_taken":369,"minecraft:walk_one_cm":45746,"minecraft:mob_kills":1,"minecraft:drop":2,"minecraft:damage_dealt":261,"minecraft:swim_one_cm":1949,"minecraft:fly_one_cm":69082,"minecraft:open_barrel":1,"minecraft:open_chest":9,"minecraft:play_time":27289,"minecraft:walk_under_water_one_cm":60,"minecraft:interact_with_brewingstand":1,"minecraft:jump":295,"minecraft:leave_game":1,"minecraft:time_since_death":27289,"minecraft:walk_on_water_one_cm":616,"minecraft:sleep_in_bed":1,"minecraft:climb_one_cm":2587,"minecraft:total_world_time":27289,"minecraft:fall_one_cm":10148},"minecraft:mined":{"minecraft:hay_block":13,"minecraft:grass":5,"minecraft:oak_log":1,"minecraft:tall_grass":2},"minecraft:killed":{"minecraft:spider":1},"minecraft:crafted":{"minecraft:oak_planks":4},"minecraft:used":{"minecraft:iron_hoe":15,"minecraft:leather_leggings":1,"minecraft:bread":5,"minecraft:oak_planks":3,"minecraft:iron_helmet":1,"minecraft:leather_helmet":1,"minecraft:leather_chestplate":1,"minecraft:iron_boots":1,"minecraft:leather_boots":1,"minecraft:iron_chestplate":1,"minecraft:egg":4,"minecraft:iron_leggings":1,"minecraft:experience_bottle":1},"minecraft:dropped":{"minecraft:leather_boots":1,"minecraft:rotten_flesh":2}},"DataVersion":3465}