{"stats":{"minecraft:mined":{"minecraft:large_amethyst_bud":1,"minecraft:white_bed":3,"minecraft:deepslate_diamond_ore":4,"minecraft:sculk_vein":1,"cobblemon:apricorn_log":20,"cobblemon:big_root":1,"minecraft:obsidian":9,"minecraft:budding_amethyst":1,"minecraft:grass_block":533,"minecraft:spawner":1,"minecraft:hay_block":62,"minecraft:furnace":3,"minecraft:cobbled_deepslate":1,"minecraft:iron_ore":75,"cobblemon:deepslate_shiny_stone_ore":2,"minecraft:deepslate_lapis_ore":4,"minecraft:sculk_shrieker":2,"minecraft:deepslate_iron_ore":17,"megamons:crystal_ice_stone_ore":1,"minecraft:iron_block":1,"minecraft:stone":92,"megamons:anistarite_rough_geode_block":1,"minecraft:deepslate_redstone_ore":5,"megamons:anistarite_geode_block":10,"minecraft:amethyst_cluster":3,"minecraft:dandelion":2,"minecraft:powder_snow":2,"minecraft:crafting_table":9,"cobblemon:apricorn_leaves":96,"minecraft:calcite":5,"minecraft:chest":2,"minecraft:tall_grass":21,"minecraft:copper_ore":13,"minecraft:oak_planks":6,"minecraft:deepslate_gold_ore":30,"minecraft:sugar_cane":6,"minecraft:sculk":5,"minecraft:diorite":1,"minecraft:amethyst_block":5,"minecraft:birch_leaves":2,"minecraft:smooth_stone_slab":1,"minecraft:grass":131,"minecraft:coal_ore":87,"minecraft:oak_log":46,"cobblemon:thunder_stone_ore":1,"minecraft:dripstone_block":6,"minecraft:dirt":115,"minecraft:cobweb":16,"minecraft:smooth_basalt":2,"cobblemon:sun_stone_ore":2,"minecraft:oak_leaves":11,"minecraft:deepslate":10},"minecraft:broken":{"minecraft:stone_sword":1,"minecraft:stone_pickaxe":1,"minecraft:stone_axe":1,"minecraft:iron_pickaxe":1},"minecraft:dropped":{"minecraft:bread":32,"minecraft:wheat_seeds":7,"minecraft:glow_ink_sac":2,"minecraft:cobblestone":8,"minecraft:torch":1,"minecraft:rabbit":1,"minecraft:iron_pickaxe":1,"minecraft:string":1,"minecraft:bone":2,"minecraft:gold_ingot":4,"minecraft:dandelion":2,"minecraft:cobbled_deepslate":6,"minecraft:raw_copper":3,"minecraft:rotten_flesh":12,"minecraft:white_bed":1,"minecraft:rabbit_hide":1,"megamons:anistarite_rough_geode_block":1,"minecraft:spider_eye":1,"minecraft:calcite":5},"minecraft:custom":{"minecraft:mob_kills":56,"minecraft:interact_with_crafting_table":30,"minecraft:open_barrel":2,"minecraft:damage_dealt_resisted":293,"minecraft:leave_game":3,"minecraft:time_since_death":30637,"minecraft:climb_one_cm":2305,"minecraft:sprint_one_cm":357977,"minecraft:walk_one_cm":279665,"minecraft:damage_blocked_by_shield":950,"minecraft:drop":52,"minecraft:damage_dealt_absorbed":81,"minecraft:play_time":176155,"minecraft:deaths":2,"minecraft:sneak_time":12725,"minecraft:walk_under_water_one_cm":4920,"minecraft:jump":2205,"minecraft:walk_on_water_one_cm":18951,"minecraft:total_world_time":176155,"minecraft:interact_with_furnace":40,"minecraft:sleep_in_bed":7,"minecraft:time_since_rest":4230,"minecraft:damage_taken":2417,"minecraft:damage_dealt":8039,"minecraft:swim_one_cm":7934,"minecraft:fly_one_cm":713306,"minecraft:open_chest":37,"minecraft:crouch_one_cm":41184,"minecraft:fall_one_cm":73455},"minecraft:picked_up":{"minecraft:crafting_table":9,"cobblemon:yellow_apricorn":4,"cobblemon:red_apricorn":4,"minecraft:amethyst_block":5,"cobblemon:wepear_berry":4,"minecraft:cornflower":3,"minecraft:string":21,"minecraft:raw_copper":52,"minecraft:smooth_stone_slab":2,"cobblemon:white_apricorn":6,"minecraft:experience_bottle":1,"minecraft:cobbled_deepslate":13,"cobblemon:green_apricorn":5,"minecraft:bucket":1,"cobblemon:white_apricorn_seed":2,"minecraft:beef":27,"cobblemon:oran_berry":6,"minecraft:calcite":5,"minecraft:iron_pickaxe":1,"cobblemon:big_root":1,"minecraft:sugar_cane":12,"minecraft:chest":2,"minecraft:furnace":3,"minecraft:egg":2,"minecraft:raw_iron":91,"minecraft:stick":5,"cobblemon:apricorn_log":20,"minecraft:torch":3,"minecraft:porkchop":20,"minecraft:diorite":1,"minecraft:carrot":1,"minecraft:redstone":29,"minecraft:arrow":8,"minecraft:rotten_flesh":16,"minecraft:hay_block":62,"minecraft:iron_block":1,"minecraft:gold_ingot":1,"minecraft:obsidian":9,"minecraft:mutton":7,"cobblemon:blue_apricorn":8,"minecraft:white_wool":6,"minecraft:cobblestone":95,"minecraft:air":0,"minecraft:glow_ink_sac":4,"minecraft:leather":21,"minecraft:brown_wool":1,"minecraft:oak_log":46,"minecraft:lapis_lazuli":24,"megamons:anistarite_geode_block":12,"minecraft:dirt":657,"minecraft:lantern":2,"minecraft:bone":8,"minecraft:bow":1,"cobblemon:black_apricorn":7,"minecraft:wheat_seeds":50,"minecraft:raw_gold":42,"minecraft:rabbit_hide":1,"cobblemon:thunder_stone":1,"minecraft:rabbit":1,"minecraft:oak_planks":6,"cobblemon:red_apricorn_seed":2,"cobblemon:sun_stone":2,"minecraft:smooth_basalt":2,"cobblemon:black_apricorn_seed":1,"minecraft:dandelion":17,"cobblemon:shiny_stone":2,"cobblemon:blue_apricorn_seed":1,"minecraft:dripstone_block":5,"cobblemon:cheri_berry":6,"minecraft:amethyst_shard":12,"cobblemon:pink_apricorn":7,"minecraft:white_bed":4,"minecraft:spider_eye":1,"megamons:anistarite_rough_geode_block":1,"minecraft:diamond":6,"cobblemon:ice_stone":1,"minecraft:spruce_sign":1,"minecraft:oak_sapling":2,"minecraft:coal":86},"minecraft:used":{"minecraft:stone_sword":115,"minecraft:iron_shovel":199,"minecraft:spruce_slab":50,"wardrobe:savanna_boots":1,"minecraft:spruce_planks":300,"minecraft:chest":4,"minecraft:shield":42,"minecraft:iron_sword":11,"minecraft:stone_hoe":48,"minecraft:iron_chestplate":1,"minecraft:torch":99,"minecraft:dirt":168,"minecraft:spruce_stairs":179,"minecraft:carrot":2,"minecraft:spruce_fence":25,"minecraft:glass":28,"minecraft:grass_block":5,"minecraft:lantern":5,"minecraft:iron_helmet":1,"minecraft:iron_boots":1,"minecraft:smooth_basalt":2,"minecraft:oak_sapling":2,"minecraft:furnace":3,"minecraft:egg":2,"cobblemon:big_root":1,"minecraft:cooked_beef":4,"minecraft:cobbled_deepslate":7,"minecraft:iron_leggings":1,"minecraft:powder_snow_bucket":1,"minecraft:water_bucket":18,"minecraft:diorite":1,"minecraft:amethyst_block":1,"minecraft:spruce_door":2,"minecraft:dirt_path":1,"minecraft:stone_pickaxe":125,"minecraft:oak_planks":186,"minecraft:wooden_pickaxe":3,"minecraft:spruce_sign":1,"minecraft:oak_leaves":57,"minecraft:crafting_table":9,"minecraft:white_bed":5,"minecraft:dripstone_block":5,"cobblemon:healing_machine":1,"minecraft:deepslate_brick_stairs":89,"minecraft:oak_log":168,"minecraft:diamond_pickaxe":12,"minecraft:diamond_shovel":483,"minecraft:bread":30,"minecraft:brown_wool":1,"minecraft:iron_pickaxe":255,"minecraft:spruce_trapdoor":15,"minecraft:spruce_sapling":8,"minecraft:stone_axe":122,"minecraft:cobblestone":12,"minecraft:cooked_porkchop":4,"minecraft:bucket":20,"minecraft:glass_pane":52,"minecraft:smooth_stone_slab":2,"minecraft:dandelion":2,"minecraft:experience_bottle":1},"minecraft:killed_by":{"minecraft:creeper":1},"minecraft:killed":{"minecraft:cave_spider":3,"minecraft:spider":2,"minecraft:skeleton":6,"minecraft:pig":9,"cobblemon:pokemon":1,"minecraft:sheep":6,"minecraft:zombie":13,"minecraft:cow":14},"minecraft:crafted":{"minecraft:oak_planks":184,"minecraft:furnace":1,"minecraft:iron_boots":1,"minecraft:iron_axe":1,"minecraft:stone_pickaxe":1,"minecraft:chest":3,"wardrobe:savanna_boots":1,"minecraft:stone_hoe":1,"wardrobe:silk":4,"sophisticatedbackpacks:iron_backpack":1,"minecraft:cooked_beef":4,"sophisticatedbackpacks:backpack":1,"minecraft:cooked_porkchop":4,"minecraft:crafting_table":2,"minecraft:wooden_pickaxe":1,"minecraft:iron_helmet":1,"minecraft:iron_sword":1,"minecraft:stone_axe":2,"minecraft:air":0,"minecraft:iron_chestplate":1,"minecraft:diamond_pickaxe":1,"minecraft:shield":1,"minecraft:stick":40,"minecraft:iron_ingot":66,"minecraft:iron_pickaxe":2,"minecraft:stone_sword":1,"minecraft:iron_leggings":1,"minecraft:iron_shovel":1,"minecraft:gold_ingot":4,"minecraft:white_bed":2,"minecraft:torch":92}},"DataVersion":3465}