{"stats":{"minecraft:mined":{"minecraft:white_bed":3,"cobblemon:big_root":1,"minecraft:dandelion":2,"cobblemon:apricorn_log":20,"minecraft:powder_snow":2,"minecraft:crafting_table":7,"cobblemon:apricorn_leaves":96,"minecraft:grass_block":533,"minecraft:chest":2,"minecraft:copper_ore":13,"minecraft:tall_grass":21,"minecraft:sugar_cane":6,"minecraft:hay_block":62,"minecraft:furnace":2,"minecraft:iron_ore":10,"minecraft:birch_leaves":2,"minecraft:smooth_stone_slab":1,"minecraft:grass":131,"minecraft:oak_log":46,"minecraft:coal_ore":87,"cobblemon:thunder_stone_ore":1,"minecraft:dirt":115,"minecraft:stone":59,"minecraft:iron_block":1,"minecraft:oak_leaves":11},"minecraft:dropped":{"minecraft:wheat_seeds":7,"minecraft:raw_copper":3,"minecraft:rotten_flesh":2,"minecraft:white_bed":1,"minecraft:torch":1,"minecraft:spider_eye":1,"minecraft:string":1,"minecraft:dandelion":2},"minecraft:broken":{"minecraft:stone_pickaxe":1,"minecraft:stone_axe":1},"minecraft:custom":{"minecraft:interact_with_furnace":12,"minecraft:mob_kills":38,"minecraft:interact_with_crafting_table":14,"minecraft:open_barrel":2,"minecraft:damage_dealt_resisted":293,"minecraft:leave_game":3,"minecraft:time_since_death":98155,"minecraft:sleep_in_bed":4,"minecraft:climb_one_cm":2305,"minecraft:time_since_rest":16134,"minecraft:sprint_one_cm":247098,"minecraft:damage_taken":1105,"minecraft:walk_one_cm":162423,"minecraft:damage_blocked_by_shield":40,"minecraft:drop":16,"minecraft:damage_dealt":4607,"minecraft:damage_dealt_absorbed":81,"minecraft:swim_one_cm":7066,"minecraft:fly_one_cm":296131,"minecraft:open_chest":30,"minecraft:crouch_one_cm":26588,"minecraft:play_time":98155,"minecraft:sneak_time":6814,"minecraft:walk_under_water_one_cm":2048,"minecraft:jump":1403,"minecraft:walk_on_water_one_cm":2097,"minecraft:total_world_time":98155,"minecraft:fall_one_cm":46986},"minecraft:picked_up":{"minecraft:crafting_table":7,"minecraft:air":0,"cobblemon:yellow_apricorn":4,"minecraft:brown_wool":1,"minecraft:leather":18,"cobblemon:red_apricorn":4,"minecraft:oak_log":46,"minecraft:cornflower":3,"cobblemon:wepear_berry":4,"minecraft:dirt":657,"minecraft:string":7,"minecraft:lantern":2,"minecraft:raw_copper":52,"minecraft:smooth_stone_slab":2,"cobblemon:white_apricorn":6,"minecraft:experience_bottle":1,"minecraft:bone":1,"minecraft:bow":1,"minecraft:wheat_seeds":50,"cobblemon:black_apricorn":7,"cobblemon:green_apricorn":5,"minecraft:bucket":1,"cobblemon:white_apricorn_seed":2,"minecraft:beef":27,"cobblemon:thunder_stone":1,"cobblemon:oran_berry":6,"cobblemon:big_root":1,"minecraft:sugar_cane":12,"minecraft:chest":2,"minecraft:egg":2,"minecraft:furnace":2,"cobblemon:red_apricorn_seed":2,"minecraft:stick":5,"minecraft:raw_iron":9,"cobblemon:apricorn_log":20,"cobblemon:black_apricorn_seed":1,"minecraft:torch":1,"minecraft:dandelion":17,"cobblemon:blue_apricorn_seed":1,"cobblemon:cheri_berry":6,"minecraft:porkchop":20,"cobblemon:pink_apricorn":7,"minecraft:white_bed":4,"minecraft:spider_eye":1,"minecraft:arrow":4,"minecraft:rotten_flesh":2,"minecraft:hay_block":62,"minecraft:iron_block":1,"minecraft:spruce_sign":1,"minecraft:oak_sapling":2,"minecraft:mutton":7,"cobblemon:blue_apricorn":8,"minecraft:coal":86,"minecraft:white_wool":6,"minecraft:cobblestone":62},"minecraft:used":{"minecraft:water_bucket":5,"minecraft:iron_shovel":155,"minecraft:stone_sword":38,"minecraft:stone_pickaxe":125,"minecraft:shield":1,"minecraft:chest":4,"minecraft:wooden_pickaxe":3,"minecraft:spruce_sign":1,"minecraft:stone_hoe":48,"minecraft:torch":25,"minecraft:dirt":168,"minecraft:crafting_table":7,"minecraft:white_bed":5,"cobblemon:healing_machine":1,"minecraft:diamond_shovel":483,"minecraft:lantern":2,"minecraft:bread":8,"minecraft:brown_wool":1,"minecraft:iron_pickaxe":46,"minecraft:stone_axe":114,"minecraft:furnace":2,"minecraft:oak_sapling":2,"minecraft:cooked_porkchop":4,"minecraft:bucket":7,"cobblemon:big_root":1,"minecraft:smooth_stone_slab":2,"minecraft:egg":2,"minecraft:dandelion":2,"minecraft:cooked_beef":4,"minecraft:powder_snow_bucket":1,"minecraft:experience_bottle":1},"minecraft:killed":{"minecraft:pig":9,"cobblemon:pokemon":1,"minecraft:spider":2,"minecraft:skeleton":2,"minecraft:sheep":6,"minecraft:zombie":2,"minecraft:cow":14},"minecraft:crafted":{"minecraft:cooked_beef":4,"minecraft:oak_planks":148,"sophisticatedbackpacks:backpack":1,"minecraft:cooked_porkchop":4,"minecraft:crafting_table":1,"minecraft:wooden_pickaxe":1,"minecraft:furnace":1,"minecraft:stone_axe":2,"minecraft:air":0,"minecraft:shield":1,"minecraft:stick":24,"minecraft:iron_ingot":8,"minecraft:iron_pickaxe":1,"minecraft:stone_pickaxe":1,"minecraft:stone_sword":1,"minecraft:chest":3,"minecraft:iron_shovel":1,"minecraft:white_bed":2,"minecraft:torch":48,"minecraft:stone_hoe":1}},"DataVersion":3465}