{"stats":{"minecraft:mined":{"minecraft:white_bed":3,"minecraft:dandelion":2,"cobblemon:apricorn_log":20,"minecraft:powder_snow":2,"minecraft:crafting_table":7,"cobblemon:apricorn_leaves":96,"minecraft:grass_block":439,"minecraft:chest":2,"minecraft:tall_grass":6,"minecraft:sugar_cane":6,"minecraft:hay_block":62,"minecraft:furnace":2,"minecraft:iron_ore":8,"minecraft:birch_leaves":2,"minecraft:smooth_stone_slab":1,"minecraft:grass":93,"minecraft:oak_log":46,"minecraft:coal_ore":33,"minecraft:dirt":79,"minecraft:stone":44,"minecraft:iron_block":1,"minecraft:oak_leaves":11},"minecraft:broken":{"minecraft:stone_axe":1},"minecraft:dropped":{"minecraft:wheat_seeds":4,"minecraft:rotten_flesh":2,"minecraft:white_bed":1,"minecraft:string":1,"minecraft:dandelion":2},"minecraft:custom":{"minecraft:interact_with_furnace":11,"minecraft:mob_kills":32,"minecraft:interact_with_crafting_table":11,"minecraft:open_barrel":2,"minecraft:leave_game":3,"minecraft:time_since_death":86155,"minecraft:sleep_in_bed":4,"minecraft:climb_one_cm":2305,"minecraft:time_since_rest":4134,"minecraft:sprint_one_cm":205336,"minecraft:damage_taken":735,"minecraft:walk_one_cm":138767,"minecraft:drop":10,"minecraft:damage_dealt":3593,"minecraft:swim_one_cm":7066,"minecraft:fly_one_cm":259083,"minecraft:open_chest":22,"minecraft:crouch_one_cm":21597,"minecraft:play_time":86155,"minecraft:sneak_time":4828,"minecraft:walk_under_water_one_cm":880,"minecraft:jump":1188,"minecraft:walk_on_water_one_cm":1506,"minecraft:total_world_time":86155,"minecraft:fall_one_cm":41674},"minecraft:picked_up":{"minecraft:crafting_table":7,"minecraft:air":0,"cobblemon:yellow_apricorn":4,"minecraft:brown_wool":1,"minecraft:leather":18,"cobblemon:red_apricorn":4,"minecraft:oak_log":46,"minecraft:cornflower":3,"cobblemon:wepear_berry":4,"minecraft:dirt":517,"minecraft:string":5,"minecraft:lantern":2,"minecraft:smooth_stone_slab":2,"cobblemon:white_apricorn":6,"minecraft:experience_bottle":1,"minecraft:bone":1,"minecraft:wheat_seeds":38,"cobblemon:black_apricorn":7,"cobblemon:green_apricorn":5,"minecraft:bucket":1,"cobblemon:white_apricorn_seed":2,"minecraft:beef":27,"cobblemon:oran_berry":6,"minecraft:sugar_cane":12,"minecraft:chest":2,"minecraft:egg":2,"minecraft:furnace":2,"cobblemon:red_apricorn_seed":2,"minecraft:stick":5,"minecraft:raw_iron":8,"cobblemon:apricorn_log":20,"cobblemon:black_apricorn_seed":1,"minecraft:dandelion":15,"cobblemon:blue_apricorn_seed":1,"cobblemon:cheri_berry":6,"minecraft:porkchop":20,"cobblemon:pink_apricorn":7,"minecraft:white_bed":4,"minecraft:arrow":2,"minecraft:rotten_flesh":2,"minecraft:hay_block":62,"minecraft:iron_block":1,"minecraft:spruce_sign":1,"minecraft:oak_sapling":2,"minecraft:mutton":7,"cobblemon:blue_apricorn":8,"minecraft:coal":32,"minecraft:white_wool":6,"minecraft:cobblestone":44},"minecraft:used":{"minecraft:iron_shovel":155,"minecraft:stone_sword":7,"minecraft:stone_pickaxe":86,"minecraft:chest":4,"minecraft:wooden_pickaxe":3,"minecraft:spruce_sign":1,"minecraft:stone_hoe":48,"minecraft:dirt":60,"minecraft:crafting_table":7,"minecraft:white_bed":5,"cobblemon:healing_machine":1,"minecraft:diamond_shovel":358,"minecraft:lantern":2,"minecraft:bread":2,"minecraft:brown_wool":1,"minecraft:stone_axe":114,"minecraft:furnace":2,"minecraft:oak_sapling":1,"minecraft:cooked_porkchop":4,"minecraft:bucket":2,"minecraft:smooth_stone_slab":2,"minecraft:egg":2,"minecraft:dandelion":1,"minecraft:cooked_beef":4,"minecraft:powder_snow_bucket":1,"minecraft:experience_bottle":1},"minecraft:killed":{"minecraft:pig":9,"cobblemon:pokemon":1,"minecraft:skeleton":1,"minecraft:sheep":6,"minecraft:zombie":1,"minecraft:cow":14},"minecraft:crafted":{"minecraft:cooked_beef":4,"minecraft:oak_planks":148,"sophisticatedbackpacks:backpack":1,"minecraft:cooked_porkchop":4,"minecraft:crafting_table":1,"minecraft:wooden_pickaxe":1,"minecraft:furnace":1,"minecraft:stone_axe":2,"minecraft:air":0,"minecraft:stick":8,"minecraft:iron_ingot":2,"minecraft:stone_pickaxe":1,"minecraft:stone_sword":1,"minecraft:chest":3,"minecraft:iron_shovel":1,"minecraft:white_bed":2,"minecraft:stone_hoe":1}},"DataVersion":3465}