{"stats":{"minecraft:crafted":{"minecraft:wooden_sword":1,"minecraft:oak_planks":64,"minecraft:crafting_table":1,"minecraft:birch_planks":8,"minecraft:stone_axe":1,"minecraft:stick":4,"minecraft:iron_pickaxe":1,"minecraft:wooden_axe":2,"minecraft:stone_sword":1,"minecraft:dark_oak_planks":184},"minecraft:used":{"minecraft:oak_planks":3,"minecraft:poppy":1,"spartanweaponry:iron_halberd":52,"minecraft:iron_sword":41,"minecraft:mossy_cobblestone":1,"minecraft:dirt":1,"minecraft:crafting_table":2,"minecraft:carrot":3,"minecraft:white_bed":1,"minecraft:oak_log":1,"minecraft:wooden_axe":85,"minecraft:dark_oak_planks":4,"minecraft:apple":5,"minecraft:iron_pickaxe":17,"minecraft:stone_axe":13,"minecraft:wooden_sword":59,"minecraft:cobblestone":1,"alexsmobs:animal_dictionary":1,"minecraft:enchanted_golden_apple":3},"minecraft:custom":{"minecraft:mob_kills":11,"minecraft:interact_with_crafting_table":6,"minecraft:damage_dealt_resisted":2546,"minecraft:leave_game":9,"minecraft:time_since_death":9021,"minecraft:sleep_in_bed":1,"minecraft:climb_one_cm":368,"minecraft:time_since_rest":9049,"minecraft:sprint_one_cm":55819,"minecraft:damage_taken":750,"minecraft:walk_one_cm":56797,"minecraft:drop":37,"minecraft:damage_dealt":2815,"minecraft:fly_one_cm":231504,"minecraft:open_chest":1,"minecraft:crouch_one_cm":3112,"minecraft:play_time":52721,"minecraft:deaths":2,"minecraft:sneak_time":3706,"minecraft:walk_under_water_one_cm":5367,"minecraft:jump":289,"minecraft:walk_on_water_one_cm":903,"minecraft:total_world_time":52721,"minecraft:fall_one_cm":2568},"minecraft:broken":{"minecraft:wooden_sword":1,"minecraft:wooden_axe":1},"minecraft:killed":{"minecraft:pig":4,"minecraft:iron_golem":2,"spore:slasher":1,"minecraft:cow":2},"minecraft:picked_up":{"minecraft:wooden_axe":1,"minecraft:birch_log":2,"spore:mutated_heart":1,"minecraft:crafting_table":3,"swem:star_worm":3,"minecraft:leather":3,"minecraft:oak_log":16,"swem:shield_gold":2,"minecraft:dirt":2,"minecraft:apple":3,"minecraft:wheat_seeds":1,"minecraft:iron_ingot":8,"minecraft:beef":4,"spore:mutated_fiber":4,"minecraft:poppy":2,"minecraft:birch_sapling":3,"immersive_weathering:tallow":4,"minecraft:furnace":2,"swem:sword_iron":1,"minecraft:dark_oak_sapling":8,"minecraft:stick":10,"spore:armor_fragment":7,"minecraft:porkchop":9,"minecraft:white_bed":1,"minecraft:carrot":3,"minecraft:dark_oak_log":46,"minecraft:mossy_cobblestone":1,"minecraft:dark_oak_planks":4,"swem:alfalfa_seeds":5,"minecraft:oak_sapling":16,"minecraft:coal":4,"minecraft:cobblestone":9},"minecraft:mined":{"minecraft:dark_oak_planks":4,"minecraft:white_bed":1,"minecraft:mossy_cobblestone":1,"minecraft:dark_oak_log":50,"minecraft:crafting_table":3,"gravestone:gravestone":2,"minecraft:grass_block":1,"swem:star_worm_cobble":1,"minecraft:cobblestone":9,"minecraft:furnace":2,"minecraft:carrots":1,"minecraft:grass":1,"minecraft:coal_ore":4,"minecraft:oak_log":16,"minecraft:dirt":1,"immersive_weathering:ivy":1,"minecraft:oak_leaves":4,"minecraft:fern":1,"immersive_weathering:oak_leaf_pile":1},"minecraft:dropped":{"minecraft:birch_planks":8,"minecraft:wheat_seeds":1,"minecraft:dark_oak_sapling":8,"minecraft:birch_sapling":3,"swem:alfalfa_seeds":5,"spartanweaponry:iron_glaive":1,"minecraft:leather":2,"swem:shield_gold":3,"minecraft:poppy":1,"minecraft:wooden_axe":2,"minecraft:oak_sapling":16,"swem:star_worm":3,"gravestone:obituary":2,"immersive_weathering:tallow":4,"swem:sword_iron":2}},"DataVersion":3465}