{"stats":{"minecraft:custom":{"minecraft:jump":36,"minecraft:time_since_rest":18720,"minecraft:crouch_one_cm":348,"minecraft:leave_game":3,"minecraft:sprint_one_cm":3804,"minecraft:play_time":18720,"minecraft:damage_taken":30,"minecraft:time_since_death":18720,"minecraft:walk_one_cm":5724,"minecraft:sneak_time":72,"minecraft:total_world_time":18720,"minecraft:climb_one_cm":1701,"minecraft:fall_one_cm":1196,"minecraft:fly_one_cm":9973},"minecraft:used":{"jujutsucraft:hair_fushiguro_megumi_helmet":1}},"DataVersion":3465}