{"stats":{"minecraft:custom":{"minecraft:interact_with_furnace":19,"minecraft:mob_kills":12,"minecraft:interact_with_crafting_table":16,"minecraft:damage_dealt_resisted":17,"minecraft:leave_game":1,"minecraft:time_since_death":22382,"minecraft:climb_one_cm":851,"minecraft:time_since_rest":22408,"minecraft:sprint_one_cm":82251,"minecraft:damage_taken":736,"minecraft:walk_one_cm":55284,"minecraft:drop":5,"minecraft:damage_dealt":1979,"minecraft:damage_dealt_absorbed":69,"minecraft:swim_one_cm":6013,"minecraft:fly_one_cm":121077,"minecraft:crouch_one_cm":5039,"minecraft:play_time":47496,"minecraft:deaths":1,"minecraft:sneak_time":2860,"minecraft:walk_under_water_one_cm":60,"minecraft:jump":667,"minecraft:walk_on_water_one_cm":575,"minecraft:total_world_time":47496,"minecraft:fall_one_cm":25644},"minecraft:mined":{"minecraft:orange_terracotta":2,"minecraft:crafting_table":4,"minecraft:grass_block":1,"minecraft:melon":2,"minecraft:dead_bush":6,"minecraft:lapis_ore":6,"minecraft:oak_planks":3,"minecraft:sugar_cane":2,"minecraft:wall_torch":1,"minecraft:coarse_dirt":2,"minecraft:furnace":1,"minecraft:iron_ore":41,"minecraft:andesite":2,"minecraft:grass":2,"minecraft:coal_ore":68,"minecraft:oak_log":22,"minecraft:deepslate_iron_ore":3,"minecraft:stone":30,"minecraft:gold_ore":9,"minecraft:oak_leaves":2},"minecraft:used":{"minecraft:stone_pickaxe":53,"minecraft:wooden_pickaxe":7,"minecraft:iron_chestplate":1,"minecraft:torch":8,"minecraft:dirt":2,"minecraft:crafting_table":4,"minecraft:iron_axe":1,"minecraft:melon_slice":8,"minecraft:bread":8,"minecraft:iron_pickaxe":102,"minecraft:iron_helmet":1,"minecraft:iron_boots":1,"minecraft:stone_axe":54,"minecraft:cobblestone":5,"minecraft:furnace":2,"minecraft:porkchop":1,"minecraft:andesite":2,"minecraft:coarse_dirt":2,"minecraft:orange_terracotta":2,"minecraft:iron_leggings":1},"minecraft:picked_up":{"minecraft:crafting_table":4,"minecraft:coarse_dirt":2,"minecraft:chicken":1,"minecraft:andesite":2,"cobblemon:yellow_apricorn":4,"minecraft:leather":2,"minecraft:oak_log":22,"minecraft:lapis_lazuli":39,"minecraft:dirt":2,"minecraft:orange_terracotta":2,"minecraft:bone":2,"minecraft:raw_gold":9,"minecraft:beef":1,"minecraft:melon_slice":8,"minecraft:sugar_cane":5,"minecraft:oak_planks":2,"minecraft:furnace":1,"minecraft:raw_iron":44,"minecraft:stick":6,"minecraft:torch":1,"minecraft:porkchop":1,"minecraft:arrow":4,"minecraft:rotten_flesh":3,"minecraft:mutton":4,"minecraft:coal":68,"minecraft:white_wool":2,"minecraft:cobblestone":35},"minecraft:killed":{"minecraft:pig":1,"minecraft:spider":1,"minecraft:sheep":2,"minecraft:skeleton":2,"minecraft:zombie":4,"minecraft:chicken":1,"minecraft:cow":1},"minecraft:dropped":{"minecraft:stone_axe":1,"minecraft:rotten_flesh":3,"minecraft:stick":1,"minecraft:stone_pickaxe":1,"minecraft:wooden_pickaxe":1},"minecraft:crafted":{"minecraft:oak_planks":24,"minecraft:crafting_table":1,"minecraft:wooden_pickaxe":1,"minecraft:iron_helmet":1,"minecraft:iron_sword":1,"minecraft:furnace":1,"minecraft:bucket":1,"minecraft:stone_axe":1,"minecraft:air":0,"minecraft:iron_boots":1,"minecraft:iron_chestplate":1,"minecraft:shield":1,"minecraft:iron_axe":1,"minecraft:stick":12,"minecraft:iron_ingot":38,"minecraft:iron_pickaxe":1,"minecraft:stone_pickaxe":1,"minecraft:iron_leggings":1,"minecraft:torch":24}},"DataVersion":3465}