{"stats":{"minecraft:custom":{"minecraft:mob_kills":262,"minecraft:interact_with_crafting_table":13,"minecraft:open_barrel":37,"minecraft:damage_dealt_resisted":125030,"minecraft:leave_game":5,"minecraft:time_since_death":733,"minecraft:climb_one_cm":9444,"minecraft:damage_resisted":65021,"minecraft:sprint_one_cm":989346,"minecraft:walk_one_cm":545882,"minecraft:drop":168,"minecraft:talked_to_villager":2,"minecraft:play_time":149633,"minecraft:deaths":26,"minecraft:sneak_time":1429,"minecraft:walk_under_water_one_cm":53871,"minecraft:jump":1690,"minecraft:interact_with_brewingstand":1,"minecraft:walk_on_water_one_cm":148652,"minecraft:total_world_time":149633,"minecraft:interact_with_furnace":5,"minecraft:sleep_in_bed":1,"minecraft:time_since_rest":756,"minecraft:damage_taken":21795,"minecraft:damage_absorbed":239,"minecraft:trigger_trapped_chest":2,"minecraft:damage_dealt":2066,"minecraft:swim_one_cm":115987,"minecraft:fly_one_cm":1185444,"minecraft:open_chest":59,"minecraft:crouch_one_cm":4184,"minecraft:fall_one_cm":133762},"minecraft:killed":{"jujutsucraft:cursed_spirit_grade_32":3,"jujutsucraft:transfigured_human_3":1,"naturalist:rattlesnake":1,"jujutsucraft:cursed_spirit_grade_33":29,"jujutsucraft:doll_1":1,"jujutsucraft:cursed_spirit_grade_12":1,"jujutsucraft:earthen_insect_trance":1,"minecraft:vindicator":1,"jujutsucraft:cursed_spirit_grade_37":1,"jujutsucraft:cursed_spirit_grade_35":3,"jujutsucraft:cursed_spirit_grade_318":5,"jujutsucraft:cursed_spirit_grade_316":3,"jujutsucraft:kumiya_juzo":1,"jujutsucraft:transfigured_human_2":1,"jujutsucraft:miwa_kasumi":2,"naturalist:coral_snake":1,"jujutsucraft:cursed_spirit_grade_39":6,"jujutsucraft:cursed_spirit_grade_312":1,"minecraft:chicken":1,"jujutsucraft:panda_normal":3,"jujutsucraft:cursed_spirit_grade_317":8,"jujutsucraft:cursed_spirit_grade_34":12,"jujutsucraft:cockroach_larva":1,"jujutsucraft:cursed_spirit_grade_38":5,"jujutsucraft:transfigured_human_1":1,"jujutsucraft:nanami_kento":2,"jujutsucraft:cursed_spirit_grade_210":2,"minecraft:pig":2,"jujutsucraft:jujutsu_sorcerer":1,"naturalist:firefly":3,"naturalist:dragonfly":1,"minecraft:bat":9,"jujutsucraft:zenin_maki":1,"minecraft:frog":1,"jujutsucraft:cursed_spirit_grade_211":1,"jujutsucraft:curse_user":2,"minecraft:sheep":10,"jujutsucraft:panda_gorilla":3,"jujutsucraft:cursed_spirit_grade_29":1,"jujutsucraft:cursed_spirit_grade_314":23,"jujutsucraft:entity_scissors":3,"naturalist:catfish":1,"jujutsucraft:crow":7,"jujutsucraft:cursed_spirit_grade_14":1,"jujutsucraft:cockroaches":1,"jujutsucraft:cursed_spirit_grade_311":2,"jujutsucraft:cursed_spirit_grade_310":10,"jujutsucraft:cursed_spirit_grade_17":1,"jujutsucraft:cursed_spirit_grade_36":6,"jujutsucraft:cursed_spirit_grade_110":1,"jujutsucraft:cursed_spirit_grade_315":13,"jujutsucraft:cursed_spirit_grade_319":10,"jujutsucraft:kamo_noritoshi":1,"minecraft:villager":5,"jujutsucraft:entity_tornado":2,"jujutsucraft:q":2,"minecraft:cow":8,"jujutsucraft:gravestone_3":2},"minecraft:crafted":{"minecraft:oak_planks":92,"comforts:sleeping_bag_white":2,"minecraft:iron_axe":1,"minecraft:stone_pickaxe":1,"minecraft:crafting_table":2,"minecraft:wooden_pickaxe":1,"minecraft:stone_axe":1,"minecraft:oak_boat":1,"minecraft:stick":4,"minecraft:iron_ingot":36,"minecraft:iron_pickaxe":1,"minecraft:wooden_axe":1,"minecraft:stone_sword":1},"minecraft:picked_up":{"minecraft:crafting_table":6,"jujutsucraft:slaughter_demon":1,"minecraft:chicken":3,"jujutsucraft:nail":1,"jujutsucraft:cursed_technique_changer":1,"minecraft:string":2,"minecraft:raw_copper":12,"minecraft:item_frame":5,"minecraft:white_carpet":1,"jujutsucraft:uniform_higuruma_chestplate":1,"comforts:sleeping_bag_white":3,"minecraft:spruce_planks":1,"jujutsucraft:sword_black":1,"minecraft:beef":22,"minecraft:oak_boat":2,"naturalist:catfish":1,"minecraft:birch_sapling":11,"minecraft:stick":30,"jujutsucraft:uniform_higuruma_leggings":2,"minecraft:stone":3,"jujutsucraft:playful_cloud":1,"minecraft:spruce_fence":3,"jujutsucraft:sword_okkotsu_yuta":1,"minecraft:andesite_wall":1,"jujutsucraft:clothes_ishigori_chestplate":1,"minecraft:stone_sword":1,"jujutsucraft:naginata":1,"minecraft:rotten_flesh":8,"minecraft:iron_block":10,"jujutsucraft:hammer":2,"jujutsucraft:clothes_nanami_leggings":1,"jujutsucraft:clothes_kusakabe_leggings":2,"minecraft:mutton":26,"minecraft:iron_bars":6,"minecraft:cod":2,"minecraft:white_wool":13,"minecraft:cobblestone":15,"minecraft:birch_log":31,"jujutsucraft:clothes_kusakabe_chestplate":3,"minecraft:leather_chestplate":2,"minecraft:feather":4,"minecraft:iron_door":2,"minecraft:jungle_log":64,"minecraft:andesite":2,"minecraft:leather":7,"minecraft:red_mushroom":1,"minecraft:birch_planks":1,"minecraft:oak_log":23,"jujutsucraft:inverted_spear_of_heaven":2,"jujutsucraft:fester_life_blade":1,"naturalist:lizard_tail":3,"minecraft:dirt":2,"minecraft:white_banner":3,"jujutsucraft:uniform_normal_leggings":1,"naturalist:glow_goop":1,"jujutsucraft:pendant_todo_aoi":2,"jujutsucraft:weapon_nanami":3,"naturalist:bass":3,"jujutsucraft:cursed_technique_starter":1,"jujutsucraft:clothes_jogo_chestplate":2,"minecraft:grindstone":1,"minecraft:iron_ingot":3,"minecraft:stone_pickaxe":1,"jujutsucraft:uniform_itadori_chestplate":1,"jujutsucraft:sword_miwa_kasumi":2,"minecraft:oak_planks":115,"jujutsucraft:clothes_miguel_leggings":1,"jujutsucraft:glasses_maki_helmet":3,"jujutsucraft:uniform_itadori_leggings":1,"minecraft:book":102,"minecraft:scaffolding":1,"jujutsucraft:item_insect":1,"minecraft:yellow_concrete":4,"minecraft:gravel":2,"minecraft:sand":22,"jujutsucraft:uniform_gojo_chestplate":2,"minecraft:grass_block":2,"jujutsucraft:hiten":1,"jujutsucraft:sunglasses_helmet":1,"minecraft:polished_andesite":2,"jujutsucraft:clothes_nanami_chestplate":1,"minecraft:diamond":13,"minecraft:stone_axe":1,"minecraft:granite":6,"minecraft:painting":11,"minecraft:grass":2,"minecraft:emerald":1,"minecraft:white_concrete":11,"minecraft:oak_sapling":20,"minecraft:dark_oak_fence":1,"minecraft:coal":11,"jujutsucraft:uniform_q_helmet":1},"minecraft:killed_by":{"jujutsucraft:kenjaku":1,"jujutsucraft:cursed_spirit_grade_12":1,"jujutsucraft:uro_takako":1,"jujutsucraft:cursed_spirit_grade_211":1,"jujutsucraft:nanami_kento":2,"jujutsucraft:fushiguro_toji":2,"jujutsucraft:hanami":1,"jujutsucraft:sukuna":1,"jujutsucraft:cursed_spirit_grade_04":3,"jujutsucraft:itadori_yuji_shinjuku":1,"jujutsucraft:cockroaches":1,"jujutsucraft:geto_suguru":1,"jujutsucraft:zenin_chojuro":2,"jujutsucraft:higuruma_hiromi":2,"jujutsucraft:uraume":1,"jujutsucraft:eight_handled_swrod_divergent_sila_divine_general_mahoraga":4},"minecraft:dropped":{"naturalist:lizard_tail":3,"minecraft:iron_ingot":3,"jujutsucraft:cursed_technique_starter":1,"jujutsucraft:uniform_higuruma_leggings":2,"minecraft:birch_planks":1,"jujutsucraft:uniform_itadori_leggings":1,"minecraft:diamond":2,"minecraft:yellow_concrete":2,"minecraft:feather":4,"minecraft:cobblestone":3,"jujutsucraft:sword_black":1,"minecraft:andesite_wall":1,"jujutsucraft:glasses_maki_helmet":2,"minecraft:granite":6,"naturalist:glow_goop":1,"jujutsucraft:clothes_nanami_leggings":1,"minecraft:grass_block":2,"minecraft:coal":11,"minecraft:cod":2,"minecraft:stick":2,"minecraft:polished_andesite":2,"jujutsucraft:slaughter_demon":1,"minecraft:dirt":2,"minecraft:grass":2,"jujutsucraft:item_insect":1,"jujutsucraft:uniform_higuruma_chestplate":1,"minecraft:dark_oak_fence":1,"naturalist:bass":3,"minecraft:mutton":8,"minecraft:wooden_axe":1,"minecraft:white_concrete":6,"minecraft:iron_door":2,"naturalist:catfish":1,"jujutsucraft:sunglasses_helmet":1,"minecraft:writable_book":1,"minecraft:sand":11,"minecraft:white_banner":3,"minecraft:white_wool":3,"jujutsucraft:pendant_todo_aoi":2,"jujutsucraft:fester_life_blade":1,"jujutsucraft:clothes_nanami_chestplate":1,"minecraft:gravel":2,"jujutsucraft:weapon_nanami":2,"jujutsucraft:hiten":1,"minecraft:stone_axe":1,"minecraft:player_head":1,"jujutsucraft:uniform_normal_leggings":2,"minecraft:stone_sword":1,"jujutsucraft:playful_cloud":1,"jujutsucraft:sword_miwa_kasumi":2,"minecraft:raw_copper":12,"minecraft:birch_sapling":11,"jujutsucraft:clothes_ishigori_chestplate":1,"minecraft:chicken":3,"minecraft:rotten_flesh":8,"jujutsucraft:sword_okkotsu_yuta":1,"jujutsucraft:nail":1,"jujutsucraft:uniform_itadori_chestplate":1,"jujutsucraft:naginata":2,"minecraft:spruce_fence":3,"jujutsucraft:uniform_normal_chestplate":1,"minecraft:leather_chestplate":3,"jujutsucraft:clothes_miguel_leggings":1,"minecraft:stone":3,"jujutsucraft:uniform_q_helmet":1,"minecraft:andesite":2,"jujutsucraft:clothes_kusakabe_leggings":2,"minecraft:leather_boots":1,"minecraft:oak_sapling":20,"jujutsucraft:hammer":2,"comforts:sleeping_bag_white":2,"minecraft:painting":11,"jujutsucraft:clothes_kusakabe_chestplate":2,"jujutsucraft:inverted_spear_of_heaven":1,"minecraft:iron_bars":6,"minecraft:stone_pickaxe":1,"minecraft:beef":19,"minecraft:wooden_pickaxe":1,"jujutsucraft:uniform_normal_boots":1,"jujutsucraft:clothes_jogo_chestplate":2,"jujutsucraft:uniform_gojo_chestplate":1},"minecraft:used":{"minecraft:writable_book":1,"minecraft:stone_sword":7,"minecraft:spruce_planks":1,"jujutsucraft:weapon_nanami":6,"minecraft:white_carpet":1,"minecraft:wooden_axe":8,"jujutsucraft:hair_fushiguro_megumi_helmet":1,"minecraft:iron_axe":41,"minecraft:totem_of_undying":1,"comforts:sleeping_bag_white":1,"minecraft:stone_pickaxe":20,"minecraft:wooden_pickaxe":4,"minecraft:leather_boots":1,"minecraft:white_wool":1,"minecraft:golden_apple":4,"minecraft:crafting_table":6,"jujutsucraft:clothes_ishigori_chestplate":1,"minecraft:iron_pickaxe":43,"jujutsucraft:naginata":2,"minecraft:stone_axe":10,"minecraft:cobblestone":1,"minecraft:birch_log":3,"minecraft:oak_boat":2,"minecraft:white_concrete":5,"minecraft:splash_potion":3},"minecraft:mined":{"minecraft:diamond_ore":14,"minecraft:spruce_planks":1,"minecraft:spruce_fence":2,"minecraft:white_concrete":8,"minecraft:red_mushroom":1,"minecraft:andesite":2,"minecraft:bookshelf":34,"minecraft:iron_bars":6,"minecraft:stone":12,"minecraft:iron_block":10,"minecraft:scaffolding":1,"minecraft:crafting_table":6,"minecraft:grindstone":1,"minecraft:iron_door":1,"minecraft:birch_planks":1,"minecraft:white_carpet":1,"minecraft:black_wool":2,"minecraft:grass":5,"minecraft:oak_log":6,"minecraft:coal_ore":9,"minecraft:polished_andesite":2,"minecraft:oak_leaves":8}},"DataVersion":3465}