{"stats":{"minecraft:custom":{"minecraft:time_since_rest":30720,"minecraft:crouch_one_cm":515,"minecraft:play_time":30720,"minecraft:sprint_one_cm":17147,"minecraft:damage_taken":60,"minecraft:walk_one_cm":16805,"minecraft:sneak_time":166,"minecraft:walk_under_water_one_cm":1211,"minecraft:mob_kills":1,"minecraft:drop":8,"minecraft:jump":81,"minecraft:leave_game":3,"minecraft:walk_on_water_one_cm":671,"minecraft:time_since_death":30720,"minecraft:climb_one_cm":4365,"minecraft:total_world_time":30720,"minecraft:interact_with_crafting_table":2,"minecraft:swim_one_cm":285,"minecraft:fall_one_cm":3224,"minecraft:fly_one_cm":18845},"minecraft:killed":{"naturalist:catfish":1},"minecraft:crafted":{"minecraft:oak_planks":12,"minecraft:crafting_table":1,"minecraft:stick":4,"minecraft:wooden_axe":1},"minecraft:picked_up":{"jujutsucraft:uniform_normal_leggings":1,"jujutsucraft:pendant_todo_aoi":1,"naturalist:bass":1,"minecraft:spruce_planks":1,"minecraft:oak_log":4,"naturalist:catfish":1,"minecraft:oak_sapling":1},"minecraft:dropped":{"naturalist:catfish":1,"jujutsucraft:uniform_normal_leggings":2,"naturalist:bass":1,"jujutsucraft:uniform_normal_boots":1,"jujutsucraft:pendant_todo_aoi":1,"jujutsucraft:uniform_normal_chestplate":1,"minecraft:oak_sapling":1},"minecraft:used":{"minecraft:wooden_axe":1,"minecraft:crafting_table":1,"jujutsucraft:hair_fushiguro_megumi_helmet":1,"minecraft:spruce_planks":1},"minecraft:mined":{"minecraft:oak_log":4,"minecraft:spruce_planks":1,"minecraft:oak_leaves":1}},"DataVersion":3465}