{"stats":{"minecraft:picked_up":{"minecraft:crafting_table":10,"minecraft:azure_bluet":1,"cobblemon:yellow_apricorn":8,"cobblemon:red_apricorn":8,"minecraft:amethyst_block":5,"minecraft:cornflower":4,"cobblemon:wepear_berry":8,"minecraft:string":23,"minecraft:raw_copper":52,"minecraft:smooth_stone_slab":2,"cobblemon:white_apricorn":19,"minecraft:white_carpet":1,"minecraft:experience_bottle":1,"cobblemon:link_cable":4,"minecraft:cobbled_deepslate":13,"cobblemon:green_apricorn":10,"minecraft:bucket":1,"cobblemon:white_apricorn_seed":4,"minecraft:spruce_planks":2,"minecraft:beef":27,"cobblemon:oran_berry":12,"minecraft:calcite":5,"minecraft:iron_pickaxe":1,"cobblemon:big_root":1,"minecraft:sugar_cane":12,"minecraft:chest":6,"minecraft:furnace":5,"minecraft:egg":4,"minecraft:stick":6,"minecraft:raw_iron":91,"cobblemon:apricorn_log":20,"minecraft:torch":3,"minecraft:porkchop":20,"minecraft:diorite":1,"minecraft:carrot":1,"minecraft:redstone":29,"minecraft:arrow":8,"minecraft:rotten_flesh":16,"minecraft:hay_block":62,"minecraft:iron_block":1,"minecraft:gold_ingot":1,"minecraft:obsidian":9,"minecraft:mutton":7,"cobblemon:blue_apricorn":16,"minecraft:white_wool":6,"minecraft:cobblestone":95,"minecraft:air":0,"minecraft:glow_ink_sac":4,"minecraft:brown_wool":1,"minecraft:leather":21,"minecraft:oak_log":52,"minecraft:cobblestone_wall":1,"minecraft:lapis_lazuli":24,"megamons:anistarite_geode_block":12,"minecraft:dirt":1298,"minecraft:lantern":3,"minecraft:bone":8,"minecraft:bow":1,"minecraft:wheat_seeds":66,"cobblemon:black_apricorn":14,"minecraft:raw_gold":42,"minecraft:rabbit_hide":1,"cobblemon:thunder_stone":1,"minecraft:rabbit":1,"minecraft:oak_planks":6,"cobblemon:red_apricorn_seed":4,"cobblemon:sun_stone":2,"minecraft:smooth_basalt":2,"cobblemon:black_apricorn_seed":2,"minecraft:quartz":9,"minecraft:dandelion":29,"minecraft:dripstone_block":5,"cobblemon:blue_apricorn_seed":3,"cobblemon:shiny_stone":2,"cobblemon:cheri_berry":12,"minecraft:amethyst_shard":12,"cobblemon:pink_apricorn":14,"minecraft:white_bed":6,"minecraft:spider_eye":1,"minecraft:barrel":2,"megamons:anistarite_rough_geode_block":1,"minecraft:diamond":6,"cobblemon:ice_stone":1,"minecraft:spruce_sign":1,"minecraft:oak_sapling":2,"minecraft:coal":139},"minecraft:custom":{"minecraft:mob_kills":59,"minecraft:interact_with_crafting_table":39,"minecraft:open_barrel":18,"minecraft:damage_dealt_resisted":293,"minecraft:leave_game":4,"minecraft:time_since_death":97814,"minecraft:climb_one_cm":2305,"minecraft:sprint_one_cm":487120,"minecraft:walk_one_cm":391741,"minecraft:damage_blocked_by_shield":950,"minecraft:drop":53,"minecraft:damage_dealt_absorbed":81,"minecraft:play_time":243332,"minecraft:deaths":2,"minecraft:sneak_time":15215,"minecraft:walk_under_water_one_cm":4920,"minecraft:jump":2863,"minecraft:walk_on_water_one_cm":19118,"minecraft:total_world_time":243332,"minecraft:interact_with_furnace":44,"minecraft:sleep_in_bed":12,"minecraft:time_since_rest":2395,"minecraft:damage_taken":2604,"minecraft:damage_dealt":8679,"minecraft:swim_one_cm":7934,"minecraft:fly_one_cm":928067,"minecraft:open_chest":120,"minecraft:crouch_one_cm":51934,"minecraft:fall_one_cm":93256},"minecraft:mined":{"minecraft:large_amethyst_bud":1,"minecraft:spruce_planks":2,"minecraft:white_bed":5,"minecraft:deepslate_diamond_ore":4,"minecraft:sculk_vein":1,"cobblemon:apricorn_log":20,"cobblemon:big_root":1,"minecraft:obsidian":9,"minecraft:budding_amethyst":1,"minecraft:grass_block":943,"minecraft:spawner":1,"minecraft:hay_block":62,"minecraft:furnace":5,"minecraft:fire":4,"minecraft:iron_ore":75,"minecraft:cobbled_deepslate":1,"minecraft:barrel":2,"cobblemon:deepslate_shiny_stone_ore":2,"minecraft:deepslate_lapis_ore":4,"minecraft:sculk_shrieker":2,"minecraft:deepslate_iron_ore":17,"megamons:crystal_ice_stone_ore":1,"minecraft:stone":92,"minecraft:iron_block":1,"megamons:anistarite_rough_geode_block":1,"minecraft:deepslate_redstone_ore":5,"megamons:anistarite_geode_block":10,"minecraft:amethyst_cluster":3,"minecraft:dandelion":3,"minecraft:powder_snow":2,"minecraft:crafting_table":10,"cobblemon:apricorn_leaves":96,"minecraft:calcite":5,"minecraft:chest":6,"minecraft:nether_quartz_ore":9,"minecraft:tall_grass":23,"minecraft:copper_ore":13,"minecraft:deepslate_gold_ore":30,"minecraft:sugar_cane":6,"minecraft:oak_planks":6,"minecraft:sculk":5,"minecraft:diorite":1,"minecraft:amethyst_block":5,"minecraft:cobblestone_wall":1,"minecraft:white_carpet":1,"minecraft:birch_leaves":2,"minecraft:smooth_stone_slab":1,"minecraft:grass":136,"minecraft:oak_log":52,"minecraft:coal_ore":87,"cobblemon:thunder_stone_ore":1,"minecraft:dripstone_block":6,"minecraft:dirt":347,"minecraft:cobweb":16,"minecraft:smooth_basalt":2,"cobblemon:sun_stone_ore":2,"minecraft:oak_leaves":11,"minecraft:deepslate":10},"minecraft:killed":{"minecraft:cave_spider":3,"minecraft:spider":3,"minecraft:skeleton":6,"minecraft:pig":9,"cobblemon:pokemon":1,"minecraft:sheep":6,"minecraft:pillager":2,"minecraft:zombie":13,"minecraft:cow":14},"minecraft:crafted":{"minecraft:oak_planks":184,"minecraft:furnace":1,"minecraft:iron_boots":1,"minecraft:iron_axe":1,"megamons:mega_cuff":1,"minecraft:stone_pickaxe":1,"minecraft:chest":12,"wardrobe:savanna_boots":1,"minecraft:stone_hoe":1,"wardrobe:silk":4,"sophisticatedbackpacks:iron_backpack":1,"minecraft:cooked_beef":4,"sophisticatedbackpacks:backpack":1,"minecraft:cooked_porkchop":4,"minecraft:crafting_table":2,"minecraft:wooden_pickaxe":1,"minecraft:iron_helmet":1,"megamons:key_stone":1,"minecraft:iron_sword":1,"minecraft:copper_ingot":1,"sophisticatedbackpacks:gold_backpack":1,"minecraft:stone_axe":2,"minecraft:air":0,"cobblemon:poke_ball":4,"cobblemon:quick_ball":8,"minecraft:iron_chestplate":1,"minecraft:diamond_pickaxe":1,"minecraft:shield":1,"minecraft:stick":40,"minecraft:iron_ingot":85,"minecraft:iron_pickaxe":2,"minecraft:stone_sword":1,"minecraft:iron_shovel":1,"minecraft:iron_leggings":1,"minecraft:gold_ingot":33,"minecraft:white_bed":2,"minecraft:torch":92},"minecraft:used":{"minecraft:oak_fence":21,"minecraft:enchanting_table":2,"minecraft:stone_sword":115,"minecraft:iron_shovel":199,"minecraft:flint_and_steel":2,"minecraft:spruce_slab":50,"wardrobe:savanna_boots":1,"minecraft:chest":12,"minecraft:spruce_planks":309,"minecraft:shield":42,"minecraft:iron_sword":18,"minecraft:stone_hoe":48,"minecraft:iron_chestplate":1,"minecraft:torch":99,"minecraft:dirt":230,"minecraft:white_carpet":5,"minecraft:spruce_stairs":179,"minecraft:cobblestone_wall":14,"minecraft:carrot":2,"minecraft:spruce_fence":25,"minecraft:oak_fence_gate":5,"minecraft:obsidian":12,"minecraft:glass":28,"minecraft:bookshelf":17,"minecraft:lantern":29,"minecraft:iron_axe":17,"minecraft:grass_block":110,"minecraft:iron_helmet":1,"cobblemon:pink_apricorn_seed":4,"minecraft:iron_boots":1,"minecraft:barrel":6,"minecraft:smooth_basalt":2,"minecraft:oak_sapling":2,"minecraft:furnace":5,"minecraft:egg":4,"cobblemon:big_root":1,"minecraft:cooked_beef":4,"minecraft:powder_snow_bucket":1,"minecraft:cobbled_deepslate":7,"minecraft:iron_leggings":1,"minecraft:water_bucket":19,"minecraft:diorite":1,"minecraft:amethyst_block":1,"minecraft:dirt_path":1,"minecraft:spruce_door":2,"minecraft:stone_pickaxe":125,"minecraft:oak_planks":186,"minecraft:wooden_pickaxe":3,"minecraft:spruce_sign":1,"minecraft:spruce_fence_gate":20,"minecraft:oak_leaves":57,"minecraft:crafting_table":10,"cobblemon:yellow_apricorn_seed":5,"cobblemon:black_apricorn_seed":4,"cobblemon:white_apricorn_seed":4,"minecraft:white_bed":7,"minecraft:dripstone_block":5,"cobblemon:healing_machine":1,"minecraft:deepslate_brick_stairs":89,"minecraft:birch_fence":42,"minecraft:oak_log":169,"cobblemon:green_apricorn_seed":4,"minecraft:diamond_pickaxe":12,"minecraft:diamond_shovel":1129,"minecraft:birch_fence_gate":3,"minecraft:bread":37,"minecraft:brown_wool":1,"minecraft:iron_pickaxe":267,"minecraft:spruce_trapdoor":15,"minecraft:spruce_sapling":8,"minecraft:stone_axe":122,"cobblemon:red_apricorn_seed":5,"minecraft:cobblestone":12,"minecraft:cooked_porkchop":4,"minecraft:bucket":21,"minecraft:glass_pane":52,"minecraft:smooth_stone_slab":2,"minecraft:stripped_oak_log":2,"minecraft:dandelion":2,"cobblemon:blue_apricorn_seed":4,"minecraft:experience_bottle":1},"minecraft:killed_by":{"minecraft:creeper":1},"minecraft:dropped":{"minecraft:bread":32,"minecraft:wheat_seeds":7,"minecraft:glow_ink_sac":2,"minecraft:cobblestone":8,"minecraft:torch":1,"minecraft:rabbit":1,"cobblemon:blue_apricorn_seed":1,"minecraft:iron_pickaxe":1,"minecraft:string":1,"minecraft:dandelion":2,"minecraft:gold_ingot":4,"minecraft:bone":2,"minecraft:cobbled_deepslate":6,"minecraft:raw_copper":3,"minecraft:rotten_flesh":12,"minecraft:white_bed":1,"minecraft:rabbit_hide":1,"megamons:anistarite_rough_geode_block":1,"minecraft:spider_eye":1,"minecraft:calcite":5},"minecraft:broken":{"minecraft:stone_sword":1,"minecraft:stone_pickaxe":1,"minecraft:stone_axe":1,"minecraft:iron_pickaxe":1}},"DataVersion":3465}