{"stats":{"minecraft:mined":{"minecraft:white_bed":3,"minecraft:dandelion":1,"cobblemon:apricorn_log":20,"minecraft:powder_snow":2,"minecraft:crafting_table":6,"cobblemon:apricorn_leaves":96,"minecraft:grass_block":7,"minecraft:tall_grass":1,"minecraft:sugar_cane":6,"minecraft:hay_block":62,"minecraft:furnace":1,"minecraft:iron_ore":6,"minecraft:birch_leaves":2,"minecraft:smooth_stone_slab":1,"minecraft:grass":7,"minecraft:oak_log":37,"minecraft:coal_ore":33,"minecraft:dirt":1,"minecraft:stone":44,"minecraft:iron_block":1,"minecraft:oak_leaves":9},"minecraft:broken":{"minecraft:stone_axe":1},"minecraft:dropped":{"minecraft:wheat_seeds":4,"minecraft:rotten_flesh":2,"minecraft:white_bed":1,"minecraft:dandelion":2},"minecraft:custom":{"minecraft:interact_with_furnace":9,"minecraft:mob_kills":32,"minecraft:interact_with_crafting_table":9,"minecraft:open_barrel":2,"minecraft:leave_game":3,"minecraft:time_since_death":74155,"minecraft:sleep_in_bed":3,"minecraft:climb_one_cm":2305,"minecraft:time_since_rest":12804,"minecraft:sprint_one_cm":171960,"minecraft:damage_taken":645,"minecraft:walk_one_cm":110975,"minecraft:drop":9,"minecraft:damage_dealt":3593,"minecraft:swim_one_cm":6279,"minecraft:fly_one_cm":219764,"minecraft:open_chest":8,"minecraft:crouch_one_cm":8223,"minecraft:play_time":74155,"minecraft:sneak_time":2568,"minecraft:walk_under_water_one_cm":827,"minecraft:jump":1028,"minecraft:walk_on_water_one_cm":1051,"minecraft:total_world_time":74155,"minecraft:fall_one_cm":37231},"minecraft:picked_up":{"minecraft:crafting_table":6,"minecraft:air":0,"cobblemon:yellow_apricorn":4,"minecraft:brown_wool":1,"minecraft:leather":18,"cobblemon:red_apricorn":4,"minecraft:oak_log":37,"cobblemon:wepear_berry":4,"minecraft:dirt":17,"minecraft:string":5,"minecraft:lantern":2,"minecraft:smooth_stone_slab":2,"cobblemon:white_apricorn":6,"minecraft:experience_bottle":1,"minecraft:bone":1,"minecraft:wheat_seeds":4,"cobblemon:black_apricorn":7,"cobblemon:green_apricorn":5,"minecraft:bucket":1,"cobblemon:white_apricorn_seed":2,"minecraft:beef":27,"cobblemon:oran_berry":6,"minecraft:sugar_cane":12,"minecraft:egg":1,"minecraft:furnace":1,"cobblemon:red_apricorn_seed":2,"minecraft:stick":3,"minecraft:raw_iron":6,"cobblemon:apricorn_log":20,"cobblemon:black_apricorn_seed":1,"minecraft:dandelion":2,"cobblemon:blue_apricorn_seed":1,"cobblemon:cheri_berry":6,"minecraft:porkchop":20,"cobblemon:pink_apricorn":7,"minecraft:white_bed":4,"minecraft:arrow":2,"minecraft:rotten_flesh":2,"minecraft:hay_block":62,"minecraft:iron_block":1,"minecraft:oak_sapling":1,"minecraft:mutton":7,"cobblemon:blue_apricorn":8,"minecraft:coal":32,"minecraft:white_wool":6,"minecraft:cobblestone":44},"minecraft:used":{"minecraft:stone_sword":7,"minecraft:stone_pickaxe":83,"minecraft:wooden_pickaxe":3,"minecraft:stone_hoe":48,"minecraft:dirt":17,"minecraft:crafting_table":6,"minecraft:white_bed":4,"cobblemon:healing_machine":1,"minecraft:lantern":2,"minecraft:brown_wool":1,"minecraft:stone_axe":99,"minecraft:furnace":1,"minecraft:oak_sapling":1,"minecraft:cooked_porkchop":4,"minecraft:bucket":1,"minecraft:smooth_stone_slab":2,"minecraft:egg":1,"minecraft:cooked_beef":4,"minecraft:powder_snow_bucket":1,"minecraft:experience_bottle":1},"minecraft:killed":{"minecraft:pig":9,"cobblemon:pokemon":1,"minecraft:skeleton":1,"minecraft:sheep":6,"minecraft:zombie":1,"minecraft:cow":14},"minecraft:crafted":{"minecraft:cooked_beef":4,"minecraft:oak_planks":148,"sophisticatedbackpacks:backpack":1,"minecraft:cooked_porkchop":4,"minecraft:crafting_table":1,"minecraft:wooden_pickaxe":1,"minecraft:furnace":1,"minecraft:stone_axe":2,"minecraft:air":0,"minecraft:stick":8,"minecraft:stone_pickaxe":1,"minecraft:stone_sword":1,"minecraft:chest":1,"minecraft:white_bed":2,"minecraft:stone_hoe":1}},"DataVersion":3465}