{"stats":{"minecraft:used":{"minecraft:oak_log":1,"alexsmobs:animal_dictionary":1},"minecraft:custom":{"minecraft:jump":57,"minecraft:time_since_rest":27256,"minecraft:damage_dealt":9,"minecraft:crouch_one_cm":14,"minecraft:leave_game":8,"minecraft:play_time":27256,"minecraft:sprint_one_cm":8486,"minecraft:time_since_death":27256,"minecraft:walk_on_water_one_cm":509,"minecraft:walk_one_cm":12791,"minecraft:sneak_time":310,"minecraft:total_world_time":27256,"minecraft:climb_one_cm":17,"minecraft:walk_under_water_one_cm":5367,"minecraft:mob_kills":1,"minecraft:fall_one_cm":418,"minecraft:fly_one_cm":194809},"minecraft:mined":{"minecraft:oak_leaves":3}},"DataVersion":3465}