{"stats":{"minecraft:custom":{"minecraft:interact_with_crafting_table":13,"minecraft:open_barrel":90,"minecraft:leave_game":7,"minecraft:time_since_death":3839,"minecraft:damage_resisted":104548,"minecraft:sprint_one_cm":1307293,"minecraft:drop":207,"minecraft:talked_to_villager":2,"minecraft:play_time":190184,"minecraft:deaths":39,"minecraft:interact_with_brewingstand":1,"minecraft:jump":2457,"minecraft:walk_on_water_one_cm":189986,"minecraft:interact_with_furnace":5,"minecraft:sleep_in_bed":1,"minecraft:damage_dealt":2206,"minecraft:crouch_one_cm":4951,"minecraft:mob_kills":425,"minecraft:damage_dealt_resisted":234357,"minecraft:climb_one_cm":11072,"minecraft:walk_one_cm":749046,"minecraft:sneak_time":1724,"minecraft:walk_under_water_one_cm":76855,"minecraft:total_world_time":190184,"minecraft:time_since_rest":3859,"minecraft:damage_taken":31596,"minecraft:damage_absorbed":325,"minecraft:trigger_trapped_chest":2,"minecraft:swim_one_cm":174854,"minecraft:fly_one_cm":1704414,"minecraft:open_chest":97,"minecraft:fall_one_cm":214048},"minecraft:killed":{"jujutsucraft:cursed_spirit_grade_32":8,"jujutsucraft:cursed_spirit_grade_31":1,"naturalist:rattlesnake":1,"jujutsucraft:cursed_spirit_grade_33":41,"jujutsucraft:doll_1":7,"jujutsucraft:cursed_spirit_grade_12":2,"jujutsucraft:earthen_insect_trance":1,"jujutsucraft:cursed_spirit_grade_37":3,"jujutsucraft:cursed_spirit_grade_35":4,"jujutsucraft:cursed_spirit_grade_39":9,"jujutsucraft:larue":1,"minecraft:chicken":1,"jujutsucraft:cursed_spirit_grade_19":1,"jujutsucraft:panda_normal":3,"jujutsucraft:zenin_ogi":1,"jujutsucraft:cursed_spirit_grade_38":6,"jujutsucraft:cursed_spirit_grade_34":19,"jujutsucraft:nanami_kento":2,"jujutsucraft:higuruma_hiromi":1,"minecraft:cat":1,"minecraft:pig":2,"naturalist:firefly":8,"jujutsucraft:nishimiya_momo":1,"naturalist:dragonfly":1,"jujutsucraft:curse_user_1":1,"jujutsucraft:cursed_spirit_grade_211":2,"minecraft:sheep":11,"jujutsucraft:panda_gorilla":3,"jujutsucraft:cursed_spirit_grade_29":2,"jujutsucraft:cursed_spirit_grade_314":35,"jujutsucraft:crow":7,"jujutsucraft:cockroaches":1,"jujutsucraft:cursed_spirit_grade_17":1,"minecraft:glow_squid":2,"jujutsucraft:cursed_spirit_grade_110":2,"jujutsucraft:cursed_spirit_grade_315":22,"jujutsucraft:kashimo_hajime":1,"jujutsucraft:takaba_fumihiko":1,"jujutsucraft:sea_serpent_mini":5,"minecraft:cow":8,"jujutsucraft:entity_tornado":2,"jujutsucraft:transfigured_human_3":1,"minecraft:vex":6,"jujutsucraft:nanako":2,"jujutsucraft:charles_bernard":1,"minecraft:vindicator":3,"jujutsucraft:cursed_spirit_grade_318":6,"jujutsucraft:cursed_spirit_grade_316":4,"jujutsucraft:kumiya_juzo":1,"jujutsucraft:transfigured_human_2":1,"jujutsucraft:miwa_kasumi":3,"naturalist:coral_snake":1,"jujutsucraft:cursed_spirit_grade_312":1,"jujutsucraft:cursed_spirit_grade_313":1,"naturalist:bass":5,"jujutsucraft:sea_serpent":14,"jujutsucraft:rabbit_escape":4,"jujutsucraft:cursed_spirit_grade_317":14,"jujutsucraft:cockroach_larva":1,"jujutsucraft:transfigured_human_1":1,"jujutsucraft:cursed_spirit_grade_210":3,"jujutsucraft:jujutsu_sorcerer":4,"naturalist:bear":2,"jujutsucraft:cursed_spirit_grade_09":1,"minecraft:bat":14,"jujutsucraft:zenin_maki":2,"minecraft:frog":1,"jujutsucraft:curse_user":5,"minecraft:squid":1,"jujutsucraft:entity_scissors":3,"naturalist:catfish":1,"jujutsucraft:cursed_spirit_grade_14":2,"jujutsucraft:cursed_spirit_grade_311":5,"jujutsucraft:cursed_spirit_grade_310":11,"jujutsucraft:cursed_spirit_grade_36":8,"jujutsucraft:cursed_spirit_grade_319":12,"minecraft:villager":10,"jujutsucraft:kamo_noritoshi":1,"jujutsucraft:q":2,"jujutsucraft:gravestone_3":2},"minecraft:crafted":{"minecraft:oak_planks":92,"minecraft:crafting_table":2,"minecraft:wooden_pickaxe":1,"minecraft:stick":4,"minecraft:iron_ingot":36,"minecraft:iron_pickaxe":1,"minecraft:stone_sword":1,"comforts:sleeping_bag_white":2,"minecraft:iron_axe":1,"minecraft:stone_pickaxe":1,"minecraft:stone_axe":1,"minecraft:oak_boat":1,"minecraft:wooden_axe":1},"minecraft:picked_up":{"jujutsucraft:slaughter_demon":1,"jujutsucraft:nail":1,"jujutsucraft:cursed_technique_changer":1,"minecraft:enchanted_book":1,"minecraft:stone_brick_stairs":6,"minecraft:string":2,"minecraft:raw_copper":12,"minecraft:gold_nugget":5,"comforts:sleeping_bag_white":3,"minecraft:spruce_planks":1,"jujutsucraft:sword_black":1,"minecraft:tipped_arrow":3,"minecraft:stick":30,"jujutsucraft:uniform_higuruma_leggings":2,"jujutsucraft:sword_okkotsu_yuta":1,"minecraft:andesite_wall":1,"jujutsucraft:clothes_ishigori_chestplate":1,"minecraft:stone_sword":1,"minecraft:rotten_flesh":9,"jujutsucraft:naginata":1,"jujutsucraft:clothes_kusakabe_leggings":2,"minecraft:iron_block":10,"jujutsucraft:hammer":2,"jujutsucraft:clothes_nanami_leggings":1,"minecraft:iron_bars":6,"minecraft:cod":2,"minecraft:cobblestone":15,"minecraft:birch_log":31,"jujutsucraft:clothes_kusakabe_chestplate":3,"minecraft:leather_chestplate":2,"minecraft:feather":4,"minecraft:cooked_beef":1,"minecraft:iron_door":2,"minecraft:andesite":3,"minecraft:jungle_log":64,"naturalist:lizard_tail":3,"minecraft:dirt":9,"jujutsucraft:pendant_todo_aoi":2,"jujutsucraft:cursed_technique_starter":1,"minecraft:grindstone":1,"jujutsucraft:uniform_itadori_chestplate":1,"minecraft:oak_planks":116,"jujutsucraft:glasses_maki_helmet":3,"jujutsucraft:uniform_itadori_leggings":1,"minecraft:glow_lichen":1,"minecraft:sand":23,"jujutsucraft:uniform_gojo_chestplate":3,"jujutsucraft:uniform_gojo_helmet":1,"minecraft:grass_block":4,"jujutsucraft:hiten":1,"minecraft:polished_andesite":2,"jujutsucraft:clothes_nanami_chestplate":1,"minecraft:diamond":13,"minecraft:granite":6,"minecraft:grass":4,"minecraft:white_concrete":11,"minecraft:emerald":1,"minecraft:oak_sapling":20,"minecraft:dark_oak_fence":1,"minecraft:oak_leaves":1,"minecraft:crafting_table":6,"minecraft:ladder":2,"minecraft:chicken":3,"minecraft:iron_axe":1,"minecraft:item_frame":5,"minecraft:white_carpet":1,"jujutsucraft:uniform_higuruma_chestplate":1,"minecraft:beef":22,"minecraft:oak_boat":2,"naturalist:catfish":1,"minecraft:birch_sapling":11,"minecraft:stone":6,"jujutsucraft:playful_cloud":1,"minecraft:spruce_fence":3,"minecraft:totem_of_undying":2,"minecraft:mutton":26,"minecraft:white_wool":14,"minecraft:birch_leaves":1,"jujutsucraft:uniform_gojo_boots":1,"minecraft:tripwire_hook":2,"minecraft:leather":7,"minecraft:red_mushroom":1,"minecraft:birch_planks":1,"jujutsucraft:sukuna_finger":1,"minecraft:oak_log":24,"jujutsucraft:inverted_spear_of_heaven":3,"jujutsucraft:fester_life_blade":1,"minecraft:white_banner":3,"jujutsucraft:uniform_normal_leggings":1,"naturalist:glow_goop":1,"jujutsucraft:weapon_nanami":3,"naturalist:bass":8,"minecraft:stone_bricks":5,"jujutsucraft:clothes_jogo_chestplate":2,"minecraft:iron_ingot":3,"minecraft:stone_pickaxe":1,"jujutsucraft:sword_miwa_kasumi":2,"jujutsucraft:clothes_miguel_leggings":1,"minecraft:book":102,"minecraft:scaffolding":1,"jujutsucraft:item_insect":1,"minecraft:yellow_concrete":4,"minecraft:gravel":2,"jujutsucraft:uniform_gojo_leggings":1,"jujutsucraft:sunglasses_helmet":1,"minecraft:stone_axe":1,"minecraft:painting":11,"minecraft:baked_potato":5,"minecraft:coal":11,"jujutsucraft:uniform_q_helmet":1,"minecraft:ender_pearl":2},"minecraft:killed_by":{"jujutsucraft:cursed_spirit_grade_211":1,"jujutsucraft:fushiguro_toji":2,"jujutsucraft:sukuna":1,"jujutsucraft:cursed_spirit_grade_04":3,"jujutsucraft:dagon_2":2,"jujutsucraft:cockroaches":1,"jujutsucraft:higuruma_hiromi":2,"jujutsucraft:uraume":1,"jujutsucraft:eight_handled_swrod_divergent_sila_divine_general_mahoraga":4,"jujutsucraft:kenjaku":1,"jujutsucraft:cursed_spirit_grade_12":1,"jujutsucraft:kashimo_hajime":6,"jujutsucraft:uro_takako":1,"jujutsucraft:nanami_kento":2,"jujutsucraft:hanami":1,"jujutsucraft:fushiguro_toji_bug":2,"jujutsucraft:itadori_yuji_shinjuku":1,"jujutsucraft:geto_suguru":1,"jujutsucraft:okkotsu_yuta_culling_game":1,"jujutsucraft:zenin_chojuro":2,"jujutsucraft:larue":1},"minecraft:dropped":{"naturalist:lizard_tail":3,"minecraft:birch_planks":1,"minecraft:cooked_beef":1,"minecraft:oak_log":1,"minecraft:baked_potato":5,"minecraft:diamond":2,"minecraft:cod":2,"minecraft:dirt":9,"minecraft:grass":4,"jujutsucraft:uniform_higuruma_chestplate":1,"minecraft:dark_oak_fence":1,"minecraft:mutton":8,"jujutsucraft:sunglasses_helmet":1,"minecraft:writable_book":1,"minecraft:sand":23,"jujutsucraft:pendant_todo_aoi":2,"minecraft:white_wool":4,"minecraft:gravel":2,"minecraft:stone_axe":1,"jujutsucraft:uniform_gojo_boots":2,"jujutsucraft:sword_miwa_kasumi":2,"minecraft:birch_sapling":11,"jujutsucraft:uniform_gojo_leggings":2,"minecraft:rotten_flesh":8,"jujutsucraft:naginata":2,"minecraft:leather_chestplate":3,"jujutsucraft:uniform_q_helmet":1,"jujutsucraft:clothes_kusakabe_leggings":2,"minecraft:leather_boots":1,"minecraft:ladder":2,"jujutsucraft:hammer":2,"comforts:sleeping_bag_white":2,"minecraft:painting":11,"jujutsucraft:inverted_spear_of_heaven":2,"minecraft:iron_bars":6,"minecraft:beef":19,"minecraft:stone_brick_stairs":6,"minecraft:oak_leaves":1,"jujutsucraft:uniform_gojo_chestplate":3,"minecraft:iron_ingot":3,"jujutsucraft:cursed_technique_starter":1,"jujutsucraft:uniform_higuruma_leggings":2,"minecraft:birch_leaves":1,"jujutsucraft:uniform_itadori_leggings":1,"minecraft:yellow_concrete":2,"minecraft:feather":4,"minecraft:cobblestone":5,"jujutsucraft:sword_black":1,"minecraft:andesite_wall":1,"jujutsucraft:glasses_maki_helmet":2,"minecraft:granite":6,"jujutsucraft:clothes_nanami_leggings":1,"naturalist:glow_goop":1,"minecraft:grass_block":4,"minecraft:coal":11,"minecraft:stick":2,"minecraft:polished_andesite":2,"jujutsucraft:slaughter_demon":1,"jujutsucraft:item_insect":1,"naturalist:bass":8,"minecraft:wooden_axe":1,"minecraft:white_concrete":6,"minecraft:iron_door":2,"naturalist:catfish":1,"minecraft:white_banner":3,"minecraft:iron_axe":1,"jujutsucraft:fester_life_blade":1,"jujutsucraft:clothes_nanami_chestplate":1,"jujutsucraft:weapon_nanami":2,"jujutsucraft:hiten":1,"minecraft:player_head":1,"jujutsucraft:uniform_normal_leggings":2,"minecraft:stone_sword":1,"jujutsucraft:playful_cloud":1,"minecraft:raw_copper":12,"jujutsucraft:clothes_ishigori_chestplate":1,"minecraft:chicken":3,"jujutsucraft:sword_okkotsu_yuta":1,"jujutsucraft:nail":1,"jujutsucraft:uniform_itadori_chestplate":1,"minecraft:spruce_fence":3,"jujutsucraft:uniform_normal_chestplate":1,"jujutsucraft:clothes_miguel_leggings":1,"minecraft:stone":6,"minecraft:andesite":2,"minecraft:oak_sapling":20,"minecraft:stone_bricks":5,"jujutsucraft:uniform_gojo_helmet":2,"jujutsucraft:clothes_kusakabe_chestplate":2,"minecraft:stone_pickaxe":1,"minecraft:wooden_pickaxe":1,"jujutsucraft:uniform_normal_boots":1,"jujutsucraft:clothes_jogo_chestplate":2},"minecraft:used":{"minecraft:writable_book":1,"jujutsucraft:sukuna_finger":2,"jujutsucraft:hair_fushiguro_megumi_helmet":1,"minecraft:stone_pickaxe":20,"minecraft:oak_planks":6,"minecraft:ender_pearl":2,"minecraft:wooden_pickaxe":4,"minecraft:white_wool":1,"minecraft:golden_apple":4,"minecraft:birch_log":3,"minecraft:oak_boat":2,"minecraft:white_concrete":5,"minecraft:stone_sword":7,"minecraft:spruce_planks":1,"jujutsucraft:weapon_nanami":6,"minecraft:white_carpet":1,"minecraft:wooden_axe":8,"minecraft:iron_axe":41,"jujutsucraft:uniform_itadori_leggings":1,"minecraft:totem_of_undying":3,"minecraft:tripwire_hook":1,"comforts:sleeping_bag_white":1,"jujutsucraft:uniform_itadori_chestplate":1,"minecraft:leather_boots":1,"minecraft:crafting_table":6,"jujutsucraft:clothes_ishigori_chestplate":1,"minecraft:iron_pickaxe":45,"jujutsucraft:naginata":2,"minecraft:stone_axe":10,"minecraft:cobblestone":1,"minecraft:splash_potion":3},"minecraft:mined":{"minecraft:spruce_planks":1,"minecraft:white_concrete":8,"minecraft:iron_bars":6,"minecraft:iron_block":10,"minecraft:grindstone":1,"minecraft:iron_door":1,"minecraft:grass":5,"minecraft:oak_log":6,"minecraft:oak_leaves":8,"minecraft:diamond_ore":14,"minecraft:spruce_fence":2,"minecraft:spruce_leaves":1,"minecraft:red_mushroom":1,"minecraft:andesite":2,"minecraft:bookshelf":34,"minecraft:stone":12,"minecraft:scaffolding":1,"minecraft:crafting_table":6,"minecraft:birch_planks":1,"minecraft:white_carpet":1,"minecraft:black_wool":2,"minecraft:coal_ore":9,"minecraft:stone_bricks":2,"minecraft:polished_andesite":2}},"DataVersion":3465}