{"stats":{"minecraft:mined":{"minecraft:grass":4,"minecraft:grass_block":2,"minecraft:dirt":1,"minecraft:dandelion":1},"minecraft:dropped":{"minecraft:wheat_seeds":3,"minecraft:dandelion":2},"minecraft:picked_up":{"minecraft:wheat_seeds":3,"minecraft:dandelion":2,"minecraft:dirt":2},"minecraft:custom":{"minecraft:time_since_rest":20534,"minecraft:crouch_one_cm":420,"minecraft:sprint_one_cm":10672,"minecraft:play_time":20534,"minecraft:damage_taken":80,"minecraft:walk_one_cm":10399,"minecraft:sneak_time":112,"minecraft:drop":5,"minecraft:jump":112,"minecraft:damage_dealt":40,"minecraft:leave_game":2,"minecraft:time_since_death":20534,"minecraft:total_world_time":20534,"minecraft:fall_one_cm":4286,"minecraft:fly_one_cm":25367},"minecraft:used":{"minecraft:dirt":2,"cobblemon:healing_machine":1}},"DataVersion":3465}