{"stats":{"minecraft:custom":{"minecraft:interact_with_crafting_table":38,"minecraft:open_barrel":5,"minecraft:bell_ring":1,"minecraft:leave_game":2,"minecraft:time_since_death":211237,"minecraft:sprint_one_cm":735840,"minecraft:damage_blocked_by_shield":385,"minecraft:drop":114,"minecraft:talked_to_villager":30,"minecraft:play_time":270688,"minecraft:deaths":2,"minecraft:jump":5221,"minecraft:walk_on_water_one_cm":18994,"minecraft:interact_with_furnace":54,"minecraft:traded_with_villager":102,"minecraft:sleep_in_bed":2,"minecraft:damage_dealt":13744,"minecraft:interact_with_beacon":8,"minecraft:crouch_one_cm":22883,"minecraft:mob_kills":93,"minecraft:damage_dealt_resisted":252,"minecraft:climb_one_cm":6858,"minecraft:walk_one_cm":375785,"minecraft:damage_dealt_absorbed":69,"minecraft:sneak_time":10438,"minecraft:walk_under_water_one_cm":14724,"minecraft:boat_one_cm":163268,"minecraft:interact_with_blast_furnace":1,"minecraft:total_world_time":270688,"minecraft:pot_flower":2,"minecraft:time_since_rest":36304,"minecraft:damage_taken":4537,"minecraft:swim_one_cm":42125,"minecraft:fly_one_cm":1143162,"minecraft:open_chest":36,"minecraft:fall_one_cm":183975},"minecraft:used":{"minecraft:polished_deepslate":1,"minecraft:iron_shovel":20,"megamons:anistarite_rough_geode_block":4,"minecraft:ladder":3,"minecraft:decorated_pot":2,"minecraft:shield":16,"minecraft:iron_sword":197,"minecraft:iron_chestplate":1,"minecraft:tuff":1,"minecraft:azure_bluet":2,"minecraft:lantern":2,"minecraft:polished_andesite_stairs":1,"minecraft:iron_helmet":1,"minecraft:stone_brick_stairs":2,"minecraft:stone_bricks":6,"minecraft:item_frame":3,"minecraft:furnace":4,"minecraft:acacia_fence":1,"minecraft:dark_oak_sapling":2,"minecraft:diorite":1,"minecraft:stripped_birch_log":5,"minecraft:stone_pickaxe":53,"minecraft:oak_planks":21,"minecraft:wooden_pickaxe":7,"minecraft:white_wool":1,"megamons:anistarite_geode_block":2,"minecraft:mangrove_door":2,"minecraft:bread":100,"minecraft:melon_slice":8,"minecraft:string":1,"minecraft:iron_door":1,"minecraft:gravel":1,"minecraft:polished_andesite_slab":8,"minecraft:birch_log":8,"minecraft:andesite":5,"minecraft:oak_boat":5,"minecraft:coarse_dirt":2,"minecraft:experience_bottle":2,"minecraft:oak_fence":1,"minecraft:redstone":1,"minecraft:netherrack":3,"minecraft:torch":21,"minecraft:dirt":33,"minecraft:spruce_fence":5,"minecraft:iron_hoe":48,"minecraft:stone_brick_slab":1,"minecraft:iron_axe":156,"minecraft:rooted_dirt":1,"minecraft:iron_boots":4,"cobblemon:pc":5,"minecraft:cobbled_deepslate":5,"minecraft:orange_terracotta":2,"minecraft:iron_leggings":1,"minecraft:water_bucket":23,"minecraft:cobblestone_slab":16,"minecraft:leather_boots":3,"minecraft:cracked_stone_bricks":3,"minecraft:crafting_table":11,"minecraft:white_bed":3,"cobblemon:healing_machine":1,"minecraft:oak_log":1,"minecraft:purple_stained_glass":1,"minecraft:flower_pot":2,"minecraft:diamond_pickaxe":120,"minecraft:chicken":1,"minecraft:iron_pickaxe":323,"minecraft:stone_slab":1,"minecraft:spruce_trapdoor":1,"minecraft:stone_axe":54,"minecraft:cobblestone":44,"minecraft:porkchop":1,"minecraft:bucket":24,"minecraft:brush":27},"minecraft:mined":{"minecraft:white_bed":3,"minecraft:jungle_leaves":1,"cobblemon:pc":6,"minecraft:obsidian":10,"minecraft:spruce_trapdoor":1,"minecraft:granite":1,"minecraft:grass_block":20,"megamons:crystal_fire_stone_ore":1,"minecraft:coal_block":19,"minecraft:diorite_stairs":1,"minecraft:spawner":3,"minecraft:smooth_stone":1,"minecraft:iron_ore":43,"minecraft:cobbled_deepslate":2,"minecraft:potted_cornflower":1,"minecraft:iron_block":47,"minecraft:player_head":2,"megamons:anistarite_geode_block":11,"minecraft:smoker":1,"minecraft:orange_terracotta":2,"minecraft:powder_snow":1,"minecraft:torch":3,"cobblemon:apricorn_leaves":3,"minecraft:blast_furnace":5,"minecraft:calcite":2,"minecraft:melon":2,"minecraft:polished_andesite_stairs":1,"minecraft:beacon":2,"minecraft:dead_bush":6,"minecraft:cobblestone":17,"megamons:crystal_moon_stone_ore":1,"minecraft:sugar_cane":2,"minecraft:oak_planks":3,"minecraft:iron_door":1,"minecraft:wall_torch":1,"minecraft:birch_log":8,"minecraft:tnt":5,"minecraft:potted_poppy":1,"minecraft:stone_brick_stairs":2,"minecraft:grass":28,"minecraft:oak_log":28,"minecraft:acacia_fence":1,"minecraft:dirt":18,"minecraft:netherrack":3,"minecraft:oak_leaves":21,"minecraft:deepslate":5,"minecraft:suspicious_gravel":3,"cobblemon:healing_machine":4,"minecraft:tuff":1,"minecraft:mossy_cobblestone":1,"minecraft:deepslate_diamond_ore":3,"minecraft:stripped_birch_log":5,"minecraft:gray_stained_glass_pane":1,"minecraft:ladder":3,"minecraft:spruce_fence":4,"minecraft:decorated_pot":2,"megamons:crystal_water_stone_ore":1,"minecraft:redstone_wire":1,"minecraft:polished_andesite_slab":8,"minecraft:rooted_dirt":1,"minecraft:hay_block":64,"minecraft:furnace":4,"minecraft:andesite":9,"minecraft:gold_block":2,"minecraft:polished_deepslate":1,"minecraft:bookshelf":79,"minecraft:deepslate_iron_ore":32,"minecraft:cobblestone_slab":27,"minecraft:stone":49,"minecraft:bone_block":1,"megamons:crystal_leaf_stone_ore":1,"megamons:anistarite_rough_geode_block":4,"minecraft:redstone_block":1,"minecraft:stone_brick_slab":1,"minecraft:oak_fence":1,"minecraft:crafting_table":9,"minecraft:stone_slab":1,"minecraft:lapis_ore":14,"minecraft:deepslate_gold_ore":15,"minecraft:diorite":2,"cobblemon:relic_coin_pouch":4,"minecraft:spruce_stairs":1,"minecraft:coarse_dirt":4,"minecraft:birch_leaves":2,"minecraft:coal_ore":108,"minecraft:gravel":19,"minecraft:cobweb":5,"minecraft:cracked_stone_bricks":3,"minecraft:stone_bricks":6,"minecraft:gold_ore":10},"minecraft:dropped":{"minecraft:flint":2,"minecraft:dirt":18,"minecraft:gravel":39,"minecraft:stone_axe":1,"minecraft:cobbled_deepslate":1,"minecraft:diorite_stairs":1,"minecraft:rotten_flesh":14,"minecraft:azure_bluet":1,"cobblemon:dome_sherd":1,"minecraft:stone_brick_wall":1,"cobblemon:fire_stone":2,"minecraft:iron_ingot":37,"minecraft:bread":26,"minecraft:mossy_cobblestone":2,"minecraft:cobblestone":8,"cobblemon:water_stone":1,"minecraft:spruce_stairs":1,"minecraft:golden_apple":1,"minecraft:stick":5,"minecraft:diorite":1,"minecraft:smooth_stone":1,"cobblemon:leaf_stone":2,"minecraft:string":4,"minecraft:bucket":2,"minecraft:redstone":4,"cobblemon:wepear_berry":1,"minecraft:player_head":1,"minecraft:coarse_dirt":2,"minecraft:spruce_fence":2,"minecraft:cobblestone_slab":8,"cobblemon:healing_machine":1,"minecraft:andesite":10,"minecraft:oak_sapling":1,"minecraft:spider_eye":4,"minecraft:stone_pickaxe":1,"minecraft:wooden_pickaxe":1,"minecraft:calcite":2},"minecraft:killed_by":{"minecraft:creeper":1},"minecraft:crafted":{"minecraft:oak_planks":116,"sophisticatedbackpacks:anvil_upgrade":1,"sophisticatedbackpacks:crafting_upgrade":1,"minecraft:iron_boots":1,"minecraft:chest":4,"sophisticatedbackpacks:backpack":2,"minecraft:crafting_table":3,"minecraft:wooden_pickaxe":1,"minecraft:iron_helmet":1,"minecraft:brush":1,"minecraft:birch_planks":4,"sophisticatedbackpacks:upgrade_base":2,"cobblemon:exp_candy_xs":36,"cobblemon:poke_ball":63,"minecraft:iron_chestplate":1,"minecraft:shield":1,"minecraft:stick":20,"minecraft:iron_ingot":486,"minecraft:iron_pickaxe":1,"minecraft:iron_block":5,"minecraft:gold_ingot":46,"minecraft:leather_boots":1,"minecraft:iron_nugget":297,"minecraft:furnace":2,"minecraft:iron_axe":1,"minecraft:iron_hoe":1,"minecraft:stone_pickaxe":1,"sophisticatedbackpacks:iron_backpack":2,"minecraft:iron_sword":1,"sophisticatedbackpacks:gold_backpack":2,"minecraft:bucket":1,"cobblemon:heavy_duty_boots":1,"minecraft:stone_axe":1,"minecraft:air":0,"minecraft:oak_boat":1,"minecraft:gold_nugget":54,"minecraft:iron_shovel":1,"minecraft:iron_leggings":1,"minecraft:anvil":2,"minecraft:white_bed":1,"minecraft:torch":24,"cobblemon:ultra_ball":3},"minecraft:broken":{"minecraft:iron_pickaxe":1},"minecraft:killed":{"minecraft:spider":6,"minecraft:skeleton":12,"minecraft:chicken":1,"minecraft:pig":1,"minecraft:sheep":7,"minecraft:zombie":25,"minecraft:cow":35,"minecraft:drowned":1,"minecraft:husk":4},"minecraft:picked_up":{"cobblemon:leaf_stone":2,"minecraft:redstone_block":1,"minecraft:flower_pot":2,"cobblemon:red_apricorn":6,"minecraft:stone_slab":1,"minecraft:enchanted_book":1,"minecraft:stone_brick_stairs":2,"minecraft:polished_deepslate":1,"cobblemon:wepear_berry":1,"minecraft:string":20,"minecraft:experience_bottle":2,"cobblemon:kings_rock":2,"minecraft:cobbled_deepslate":6,"minecraft:smooth_stone":1,"minecraft:bucket":1,"minecraft:cobblestone_slab":24,"minecraft:calcite":2,"minecraft:iron_pickaxe":1,"minecraft:melon_slice":8,"minecraft:coal_block":19,"cobblemon:dome_sherd":1,"minecraft:furnace":4,"minecraft:stick":10,"cobblemon:pc":6,"minecraft:acacia_fence":1,"minecraft:oak_fence":1,"minecraft:torch":5,"minecraft:spruce_stairs":1,"minecraft:porkchop":1,"minecraft:diorite":2,"minecraft:rotten_flesh":20,"minecraft:iron_block":47,"minecraft:mangrove_door":2,"minecraft:obsidian":10,"minecraft:cobblestone":74,"minecraft:birch_log":9,"minecraft:feather":1,"minecraft:iron_door":1,"minecraft:andesite":15,"minecraft:beacon":2,"minecraft:smoker":1,"cobblemon:focus_sash":2,"minecraft:flint":2,"minecraft:tuff":1,"minecraft:dirt":51,"megamons:anistarite_geode_block":11,"minecraft:lapis_lazuli":191,"minecraft:stripped_birch_log":5,"minecraft:lantern":2,"minecraft:bone":12,"cobblemon:black_apricorn":8,"minecraft:raw_gold":25,"cobblemon:thunder_stone":1,"cobblemon:moon_stone":1,"minecraft:oak_planks":2,"cobblemon:poison_barb":1,"cobblemon:cracked_pot":2,"cobblemon:fire_stone":3,"minecraft:mossy_cobblestone":2,"megamons:anistarite_rough_geode_block":4,"cobblemon:healing_machine":4,"minecraft:diamond":3,"minecraft:granite":1,"minecraft:bread":1,"minecraft:rooted_dirt":1,"minecraft:oak_sapling":1,"minecraft:netherrack":3,"minecraft:coarse_dirt":4,"minecraft:crafting_table":9,"minecraft:azure_bluet":3,"minecraft:chicken":3,"minecraft:ladder":3,"cobblemon:yellow_apricorn":10,"minecraft:stone_brick_wall":1,"minecraft:gold_block":2,"minecraft:cornflower":1,"cobblemon:white_apricorn":8,"minecraft:item_frame":2,"minecraft:cracked_stone_bricks":3,"cobblemon:green_apricorn":12,"minecraft:beef":69,"cobblemon:relic_coin":59,"minecraft:oak_boat":5,"minecraft:player_head":2,"minecraft:poppy":1,"minecraft:sugar_cane":5,"minecraft:spruce_trapdoor":1,"minecraft:dark_oak_sapling":2,"minecraft:raw_iron":74,"minecraft:copper_ingot":4,"minecraft:spruce_fence":7,"cobblemon:rawst_berry":6,"minecraft:redstone":3,"minecraft:tnt":5,"minecraft:arrow":13,"minecraft:decorated_pot":2,"minecraft:hay_block":64,"minecraft:gold_ingot":2,"minecraft:mutton":11,"minecraft:white_wool":8,"cobblemon:blue_apricorn":24,"minecraft:leather":37,"minecraft:oak_log":30,"minecraft:diorite_stairs":1,"cobblemon:pink_apricorn_seed":1,"minecraft:orange_terracotta":2,"minecraft:stone_bricks":6,"cobblemon:rock_gem":1,"minecraft:iron_ingot":6,"minecraft:polished_andesite_slab":8,"minecraft:iron_sword":1,"minecraft:book":237,"cobblemon:red_apricorn_seed":1,"minecraft:polished_andesite_stairs":1,"minecraft:stone_brick_slab":1,"cobblemon:black_apricorn_seed":1,"cobblemon:blue_apricorn_seed":3,"minecraft:gravel":40,"cobblemon:pink_apricorn":4,"minecraft:blast_furnace":5,"minecraft:white_bed":3,"minecraft:spider_eye":4,"minecraft:chainmail_leggings":1,"cobblemon:water_stone":2,"minecraft:coal":237,"minecraft:ender_pearl":1}},"DataVersion":3465}