{"stats":{"minecraft:mined":{"cobblemon:healing_machine":3,"minecraft:tuff":1,"minecraft:white_bed":1,"minecraft:deepslate_diamond_ore":3,"minecraft:jungle_leaves":1,"minecraft:stripped_birch_log":5,"cobblemon:pc":2,"minecraft:ladder":3,"minecraft:grass_block":8,"minecraft:spruce_fence":1,"megamons:crystal_water_stone_ore":1,"megamons:crystal_fire_stone_ore":1,"minecraft:rooted_dirt":1,"minecraft:furnace":4,"minecraft:iron_ore":43,"minecraft:cobbled_deepslate":2,"minecraft:andesite":4,"minecraft:bookshelf":42,"minecraft:deepslate_iron_ore":32,"minecraft:stone":40,"minecraft:player_head":2,"megamons:crystal_leaf_stone_ore":1,"megamons:anistarite_rough_geode_block":4,"megamons:anistarite_geode_block":11,"minecraft:orange_terracotta":2,"minecraft:crafting_table":7,"minecraft:melon":2,"minecraft:dead_bush":6,"minecraft:cobblestone":2,"megamons:crystal_moon_stone_ore":1,"minecraft:lapis_ore":6,"minecraft:deepslate_gold_ore":15,"minecraft:sugar_cane":2,"minecraft:oak_planks":3,"minecraft:wall_torch":1,"minecraft:coarse_dirt":4,"minecraft:birch_log":8,"minecraft:birch_leaves":1,"minecraft:potted_poppy":1,"minecraft:stone_brick_stairs":1,"minecraft:grass":13,"minecraft:oak_log":28,"minecraft:coal_ore":83,"minecraft:gravel":1,"minecraft:dirt":5,"minecraft:cobweb":5,"minecraft:gold_ore":9,"minecraft:oak_leaves":8,"minecraft:deepslate":5},"minecraft:picked_up":{"cobblemon:leaf_stone":1,"minecraft:crafting_table":7,"minecraft:coarse_dirt":4,"minecraft:chicken":2,"minecraft:ladder":3,"minecraft:flower_pot":1,"cobblemon:yellow_apricorn":7,"cobblemon:red_apricorn":3,"minecraft:stone_brick_wall":1,"minecraft:stone_brick_stairs":1,"cobblemon:wepear_berry":1,"minecraft:string":18,"cobblemon:white_apricorn":5,"minecraft:cobbled_deepslate":6,"cobblemon:green_apricorn":2,"minecraft:beef":46,"cobblemon:relic_coin":30,"minecraft:oak_boat":4,"minecraft:player_head":2,"minecraft:poppy":1,"minecraft:melon_slice":8,"minecraft:sugar_cane":5,"minecraft:furnace":4,"minecraft:dark_oak_sapling":1,"minecraft:stick":8,"minecraft:raw_iron":74,"cobblemon:pc":2,"minecraft:torch":1,"minecraft:spruce_fence":4,"minecraft:porkchop":1,"cobblemon:rawst_berry":6,"minecraft:arrow":6,"minecraft:rotten_flesh":10,"minecraft:mutton":11,"minecraft:cobblestone":48,"cobblemon:blue_apricorn":17,"minecraft:white_wool":7,"minecraft:birch_log":9,"minecraft:feather":1,"minecraft:andesite":5,"minecraft:leather":24,"minecraft:tuff":1,"minecraft:oak_log":30,"minecraft:stripped_birch_log":5,"megamons:anistarite_geode_block":11,"minecraft:lapis_lazuli":39,"minecraft:dirt":28,"cobblemon:pink_apricorn_seed":1,"minecraft:orange_terracotta":2,"minecraft:bone":5,"cobblemon:black_apricorn":5,"minecraft:raw_gold":24,"cobblemon:moon_stone":1,"minecraft:oak_planks":2,"minecraft:book":126,"cobblemon:red_apricorn_seed":1,"minecraft:gravel":1,"cobblemon:blue_apricorn_seed":2,"cobblemon:fire_stone":1,"cobblemon:pink_apricorn":4,"minecraft:white_bed":1,"minecraft:spider_eye":2,"megamons:anistarite_rough_geode_block":4,"cobblemon:healing_machine":3,"minecraft:diamond":3,"minecraft:rooted_dirt":1,"minecraft:oak_sapling":1,"cobblemon:water_stone":1,"minecraft:coal":186},"minecraft:crafted":{"minecraft:oak_planks":108,"minecraft:iron_nugget":153,"minecraft:furnace":2,"minecraft:iron_boots":1,"minecraft:iron_axe":1,"minecraft:stone_pickaxe":1,"minecraft:chest":1,"sophisticatedbackpacks:iron_backpack":1,"sophisticatedbackpacks:backpack":1,"minecraft:crafting_table":1,"minecraft:wooden_pickaxe":1,"minecraft:iron_helmet":1,"minecraft:iron_sword":1,"sophisticatedbackpacks:gold_backpack":1,"minecraft:bucket":1,"minecraft:stone_axe":1,"cobblemon:exp_candy_xs":18,"minecraft:air":0,"minecraft:oak_boat":1,"cobblemon:poke_ball":27,"minecraft:iron_chestplate":1,"minecraft:gold_nugget":54,"minecraft:shield":1,"minecraft:stick":12,"minecraft:iron_ingot":72,"minecraft:iron_pickaxe":1,"minecraft:iron_leggings":1,"minecraft:gold_ingot":28,"minecraft:white_bed":1,"minecraft:torch":24,"cobblemon:ultra_ball":3},"minecraft:custom":{"minecraft:mob_kills":60,"minecraft:interact_with_crafting_table":27,"minecraft:damage_dealt_resisted":85,"minecraft:leave_game":2,"minecraft:time_since_death":67586,"minecraft:climb_one_cm":3209,"minecraft:sprint_one_cm":244792,"minecraft:walk_one_cm":153530,"minecraft:damage_blocked_by_shield":330,"minecraft:drop":58,"minecraft:damage_dealt_absorbed":69,"minecraft:talked_to_villager":16,"minecraft:play_time":127037,"minecraft:deaths":2,"minecraft:sneak_time":5555,"minecraft:walk_under_water_one_cm":9049,"minecraft:boat_one_cm":149903,"minecraft:jump":1904,"minecraft:walk_on_water_one_cm":5201,"minecraft:total_world_time":127037,"minecraft:interact_with_furnace":44,"minecraft:traded_with_villager":48,"minecraft:pot_flower":1,"minecraft:sleep_in_bed":1,"minecraft:time_since_rest":26759,"minecraft:damage_taken":2080,"minecraft:damage_dealt":8555,"minecraft:swim_one_cm":11772,"minecraft:fly_one_cm":360529,"minecraft:open_chest":1,"minecraft:crouch_one_cm":11741,"minecraft:fall_one_cm":61043},"minecraft:killed_by":{"minecraft:creeper":1},"minecraft:used":{"megamons:anistarite_rough_geode_block":4,"minecraft:ladder":3,"minecraft:shield":14,"minecraft:iron_sword":107,"minecraft:iron_chestplate":1,"minecraft:torch":8,"minecraft:dirt":10,"minecraft:tuff":1,"minecraft:spruce_fence":2,"minecraft:iron_axe":91,"minecraft:rooted_dirt":1,"minecraft:iron_helmet":1,"minecraft:iron_boots":1,"minecraft:stone_brick_stairs":1,"cobblemon:pc":1,"minecraft:furnace":4,"minecraft:cobbled_deepslate":5,"minecraft:orange_terracotta":2,"minecraft:iron_leggings":1,"minecraft:dark_oak_sapling":1,"minecraft:water_bucket":9,"minecraft:stripped_birch_log":5,"minecraft:stone_pickaxe":53,"minecraft:wooden_pickaxe":7,"minecraft:crafting_table":7,"minecraft:white_bed":1,"megamons:anistarite_geode_block":2,"minecraft:oak_log":1,"minecraft:flower_pot":1,"minecraft:chicken":1,"minecraft:bread":33,"minecraft:melon_slice":8,"minecraft:iron_pickaxe":221,"minecraft:stone_axe":54,"minecraft:cobblestone":24,"minecraft:porkchop":1,"minecraft:birch_log":8,"minecraft:andesite":5,"minecraft:bucket":10,"minecraft:oak_boat":4,"minecraft:coarse_dirt":2},"minecraft:killed":{"minecraft:spider":4,"minecraft:skeleton":7,"minecraft:chicken":1,"minecraft:drowned":1,"minecraft:pig":1,"minecraft:sheep":7,"minecraft:zombie":16,"minecraft:cow":22},"minecraft:dropped":{"minecraft:bread":25,"minecraft:stick":3,"minecraft:dirt":18,"minecraft:string":4,"minecraft:gravel":1,"minecraft:stone_axe":1,"cobblemon:wepear_berry":1,"minecraft:player_head":1,"minecraft:coarse_dirt":2,"minecraft:cobbled_deepslate":1,"minecraft:rotten_flesh":7,"minecraft:spruce_fence":2,"cobblemon:healing_machine":1,"minecraft:stone_brick_wall":1,"minecraft:oak_sapling":1,"minecraft:spider_eye":2,"minecraft:wooden_pickaxe":1,"minecraft:stone_pickaxe":1}},"DataVersion":3465}