{"stats":{"minecraft:crafted":{"minecraft:wooden_sword":1,"minecraft:oak_planks":24,"minecraft:crafting_table":1,"minecraft:stick":4,"minecraft:iron_pickaxe":1,"minecraft:wooden_axe":2,"minecraft:stone_sword":1,"minecraft:dark_oak_planks":184,"minecraft:stone_axe":1},"minecraft:used":{"minecraft:oak_log":1,"minecraft:dark_oak_planks":4,"minecraft:wooden_axe":85,"minecraft:iron_pickaxe":11,"minecraft:poppy":1,"spartanweaponry:iron_halberd":1,"minecraft:stone_axe":1,"minecraft:wooden_sword":59,"minecraft:cobblestone":1,"minecraft:crafting_table":2,"minecraft:white_bed":1,"alexsmobs:animal_dictionary":1,"minecraft:enchanted_golden_apple":3},"minecraft:custom":{"minecraft:time_since_rest":7096,"minecraft:sprint_one_cm":30886,"minecraft:damage_taken":336,"minecraft:walk_one_cm":32724,"minecraft:mob_kills":2,"minecraft:drop":11,"minecraft:damage_dealt":676,"minecraft:interact_with_crafting_table":6,"minecraft:fly_one_cm":211385,"minecraft:open_chest":1,"minecraft:crouch_one_cm":744,"minecraft:play_time":40721,"minecraft:deaths":1,"minecraft:sneak_time":1894,"minecraft:walk_under_water_one_cm":5367,"minecraft:damage_dealt_resisted":1052,"minecraft:jump":139,"minecraft:leave_game":9,"minecraft:time_since_death":7063,"minecraft:walk_on_water_one_cm":903,"minecraft:total_world_time":40721,"minecraft:climb_one_cm":180,"minecraft:fall_one_cm":1672},"minecraft:broken":{"minecraft:wooden_axe":1,"minecraft:wooden_sword":1},"minecraft:killed":{"minecraft:iron_golem":1},"minecraft:picked_up":{"minecraft:wooden_axe":1,"minecraft:dark_oak_sapling":8,"minecraft:stick":6,"minecraft:crafting_table":3,"minecraft:oak_log":6,"minecraft:white_bed":1,"minecraft:dark_oak_log":46,"minecraft:dark_oak_planks":4,"minecraft:apple":3,"minecraft:wheat_seeds":1,"minecraft:iron_ingot":5,"swem:alfalfa_seeds":3,"minecraft:poppy":1,"minecraft:oak_sapling":6,"minecraft:cobblestone":9,"minecraft:furnace":2},"minecraft:mined":{"minecraft:dark_oak_planks":4,"minecraft:white_bed":1,"minecraft:furnace":2,"minecraft:dark_oak_log":50,"minecraft:crafting_table":3,"gravestone:gravestone":1,"minecraft:grass":1,"minecraft:oak_log":6,"minecraft:cobblestone":9,"immersive_weathering:ivy":1,"minecraft:oak_leaves":4,"minecraft:fern":1,"immersive_weathering:oak_leaf_pile":1},"minecraft:dropped":{"minecraft:wheat_seeds":1,"minecraft:wooden_axe":2,"minecraft:dark_oak_sapling":8,"spartanweaponry:iron_glaive":1,"minecraft:oak_sapling":6,"swem:alfalfa_seeds":3,"gravestone:obituary":1}},"DataVersion":3465}