{"stats":{"minecraft:custom":{"minecraft:time_since_rest":3602,"minecraft:sprint_one_cm":88250,"minecraft:damage_taken":844,"minecraft:walk_one_cm":50172,"minecraft:mob_kills":30,"minecraft:drop":28,"minecraft:damage_dealt":1020,"minecraft:swim_one_cm":4881,"minecraft:interact_with_crafting_table":10,"minecraft:fly_one_cm":104084,"minecraft:crouch_one_cm":1825,"minecraft:play_time":41757,"minecraft:deaths":1,"minecraft:sneak_time":563,"minecraft:walk_under_water_one_cm":1533,"minecraft:damage_dealt_resisted":353,"minecraft:jump":268,"minecraft:time_since_death":3559,"minecraft:leave_game":4,"minecraft:walk_on_water_one_cm":4540,"minecraft:total_world_time":41757,"minecraft:climb_one_cm":5428,"minecraft:damage_resisted":524,"minecraft:fall_one_cm":9532},"minecraft:killed":{"minecraft:sheep":7,"jujutsucraft:cursed_spirit_grade_33":4,"naturalist:catfish":1,"minecraft:pig":1,"jujutsucraft:crow":7,"jujutsucraft:cursed_spirit_grade_310":2,"minecraft:chicken":1,"naturalist:dragonfly":1,"minecraft:frog":1,"jujutsucraft:cursed_spirit_grade_34":1,"minecraft:cow":4},"minecraft:crafted":{"minecraft:oak_planks":92,"minecraft:crafting_table":2,"minecraft:stick":4,"comforts:sleeping_bag_white":2,"minecraft:wooden_pickaxe":1,"minecraft:stone_pickaxe":1,"minecraft:wooden_axe":1,"minecraft:stone_sword":1,"minecraft:stone_axe":1},"minecraft:picked_up":{"minecraft:stick":17,"minecraft:crafting_table":3,"minecraft:feather":4,"minecraft:chicken":3,"jujutsucraft:item_insect":1,"minecraft:leather":2,"minecraft:oak_log":23,"jujutsucraft:uniform_normal_leggings":1,"jujutsucraft:pendant_todo_aoi":1,"naturalist:bass":2,"minecraft:stone_sword":1,"minecraft:stone_axe":1,"minecraft:spruce_planks":1,"comforts:sleeping_bag_white":2,"minecraft:beef":13,"minecraft:stone_pickaxe":1,"jujutsucraft:uniform_itadori_chestplate":1,"naturalist:catfish":1,"minecraft:oak_sapling":20,"minecraft:mutton":24,"minecraft:oak_planks":76,"minecraft:cobblestone":10,"minecraft:white_wool":7,"jujutsucraft:uniform_itadori_leggings":1},"minecraft:dropped":{"jujutsucraft:uniform_normal_leggings":2,"naturalist:bass":2,"minecraft:wooden_axe":1,"minecraft:feather":4,"minecraft:oak_sapling":20,"naturalist:catfish":1,"minecraft:chicken":3,"comforts:sleeping_bag_white":2,"minecraft:beef":7,"minecraft:wooden_pickaxe":1,"jujutsucraft:uniform_normal_boots":1,"jujutsucraft:pendant_todo_aoi":1,"jujutsucraft:uniform_normal_chestplate":1},"minecraft:used":{"minecraft:wooden_axe":8,"minecraft:stone_sword":7,"jujutsucraft:hair_fushiguro_megumi_helmet":1,"minecraft:stone_pickaxe":5,"minecraft:spruce_planks":1,"minecraft:wooden_pickaxe":4,"minecraft:stone_axe":2,"minecraft:white_wool":1,"minecraft:crafting_table":3},"minecraft:mined":{"minecraft:spruce_planks":1,"minecraft:crafting_table":3,"minecraft:oak_log":6,"minecraft:stone":9,"minecraft:oak_leaves":1}},"DataVersion":3465}