{"stats":{"minecraft:mined":{"cobblemon:healing_machine":3,"minecraft:tuff":1,"minecraft:white_bed":1,"minecraft:deepslate_diamond_ore":3,"minecraft:jungle_leaves":1,"minecraft:stripped_birch_log":5,"cobblemon:pc":2,"minecraft:ladder":3,"minecraft:grass_block":11,"minecraft:spruce_fence":1,"megamons:crystal_water_stone_ore":1,"megamons:crystal_fire_stone_ore":1,"minecraft:rooted_dirt":1,"minecraft:furnace":4,"minecraft:iron_ore":43,"minecraft:cobbled_deepslate":2,"minecraft:andesite":4,"minecraft:bookshelf":60,"minecraft:cobblestone_slab":1,"minecraft:deepslate_iron_ore":32,"minecraft:iron_block":9,"minecraft:stone":41,"minecraft:player_head":2,"megamons:crystal_leaf_stone_ore":1,"megamons:anistarite_rough_geode_block":4,"megamons:anistarite_geode_block":11,"minecraft:orange_terracotta":2,"minecraft:crafting_table":7,"minecraft:melon":2,"minecraft:beacon":1,"minecraft:dead_bush":6,"minecraft:cobblestone":8,"megamons:crystal_moon_stone_ore":1,"minecraft:lapis_ore":6,"minecraft:deepslate_gold_ore":15,"minecraft:sugar_cane":2,"minecraft:oak_planks":3,"minecraft:wall_torch":1,"minecraft:coarse_dirt":4,"minecraft:birch_log":8,"minecraft:birch_leaves":1,"minecraft:potted_poppy":1,"minecraft:stone_brick_stairs":1,"minecraft:grass":15,"minecraft:oak_log":28,"minecraft:coal_ore":96,"minecraft:gravel":1,"minecraft:dirt":6,"minecraft:cobweb":5,"minecraft:gold_ore":9,"minecraft:oak_leaves":12,"minecraft:deepslate":5},"minecraft:picked_up":{"cobblemon:leaf_stone":1,"minecraft:crafting_table":7,"minecraft:coarse_dirt":4,"minecraft:chicken":2,"minecraft:ladder":3,"minecraft:flower_pot":1,"cobblemon:yellow_apricorn":7,"cobblemon:red_apricorn":3,"minecraft:stone_brick_wall":1,"minecraft:stone_brick_stairs":1,"cobblemon:wepear_berry":1,"minecraft:string":19,"cobblemon:white_apricorn":5,"minecraft:cobbled_deepslate":6,"cobblemon:green_apricorn":2,"minecraft:bucket":1,"minecraft:beef":46,"cobblemon:relic_coin":30,"minecraft:oak_boat":4,"minecraft:cobblestone_slab":1,"minecraft:player_head":2,"minecraft:poppy":1,"minecraft:melon_slice":8,"minecraft:sugar_cane":5,"minecraft:furnace":4,"minecraft:dark_oak_sapling":2,"minecraft:stick":8,"minecraft:raw_iron":74,"cobblemon:pc":2,"minecraft:torch":1,"minecraft:spruce_fence":4,"minecraft:porkchop":1,"cobblemon:rawst_berry":6,"minecraft:arrow":6,"minecraft:rotten_flesh":11,"minecraft:iron_block":9,"minecraft:mutton":11,"minecraft:cobblestone":55,"cobblemon:blue_apricorn":17,"minecraft:white_wool":7,"minecraft:birch_log":9,"minecraft:feather":1,"minecraft:andesite":5,"minecraft:leather":24,"minecraft:beacon":1,"minecraft:tuff":1,"minecraft:oak_log":30,"minecraft:stripped_birch_log":5,"megamons:anistarite_geode_block":11,"minecraft:lapis_lazuli":39,"minecraft:dirt":32,"cobblemon:pink_apricorn_seed":1,"minecraft:orange_terracotta":2,"minecraft:bone":5,"cobblemon:black_apricorn":5,"minecraft:raw_gold":24,"cobblemon:moon_stone":1,"minecraft:oak_planks":2,"minecraft:book":180,"cobblemon:red_apricorn_seed":1,"minecraft:gravel":1,"cobblemon:blue_apricorn_seed":2,"cobblemon:fire_stone":1,"cobblemon:pink_apricorn":4,"minecraft:white_bed":1,"minecraft:spider_eye":4,"megamons:anistarite_rough_geode_block":4,"cobblemon:healing_machine":3,"minecraft:diamond":3,"minecraft:rooted_dirt":1,"minecraft:oak_sapling":1,"cobblemon:water_stone":1,"minecraft:coal":208},"minecraft:crafted":{"minecraft:oak_planks":108,"minecraft:iron_nugget":153,"minecraft:furnace":2,"minecraft:iron_boots":1,"minecraft:iron_axe":1,"minecraft:stone_pickaxe":1,"minecraft:chest":1,"sophisticatedbackpacks:iron_backpack":1,"sophisticatedbackpacks:backpack":1,"minecraft:crafting_table":1,"minecraft:wooden_pickaxe":1,"minecraft:iron_helmet":1,"minecraft:iron_sword":1,"sophisticatedbackpacks:gold_backpack":1,"minecraft:bucket":1,"minecraft:stone_axe":1,"cobblemon:exp_candy_xs":18,"minecraft:air":0,"minecraft:oak_boat":1,"cobblemon:poke_ball":27,"minecraft:iron_chestplate":1,"minecraft:gold_nugget":54,"minecraft:shield":1,"minecraft:stick":12,"minecraft:iron_ingot":153,"minecraft:iron_pickaxe":1,"minecraft:iron_leggings":1,"minecraft:gold_ingot":28,"minecraft:white_bed":1,"minecraft:torch":24,"cobblemon:ultra_ball":3},"minecraft:custom":{"minecraft:mob_kills":60,"minecraft:interact_with_crafting_table":27,"minecraft:damage_dealt_resisted":85,"minecraft:leave_game":2,"minecraft:time_since_death":79586,"minecraft:climb_one_cm":3209,"minecraft:sprint_one_cm":295624,"minecraft:walk_one_cm":167029,"minecraft:damage_blocked_by_shield":330,"minecraft:drop":63,"minecraft:damage_dealt_absorbed":69,"minecraft:talked_to_villager":17,"minecraft:play_time":139037,"minecraft:deaths":2,"minecraft:sneak_time":6056,"minecraft:walk_under_water_one_cm":9082,"minecraft:boat_one_cm":149903,"minecraft:jump":2253,"minecraft:walk_on_water_one_cm":6829,"minecraft:total_world_time":139037,"minecraft:interact_with_furnace":44,"minecraft:traded_with_villager":48,"minecraft:pot_flower":1,"minecraft:sleep_in_bed":1,"minecraft:time_since_rest":38759,"minecraft:damage_taken":2160,"minecraft:damage_dealt":8565,"minecraft:interact_with_beacon":2,"minecraft:swim_one_cm":12755,"minecraft:fly_one_cm":436320,"minecraft:open_chest":4,"minecraft:crouch_one_cm":12870,"minecraft:fall_one_cm":73274},"minecraft:killed_by":{"minecraft:creeper":1},"minecraft:used":{"megamons:anistarite_rough_geode_block":4,"minecraft:ladder":3,"minecraft:shield":14,"minecraft:iron_sword":107,"minecraft:iron_chestplate":1,"minecraft:torch":8,"minecraft:dirt":14,"minecraft:tuff":1,"minecraft:spruce_fence":2,"minecraft:iron_axe":109,"minecraft:rooted_dirt":1,"minecraft:iron_helmet":1,"minecraft:iron_boots":1,"minecraft:stone_brick_stairs":1,"cobblemon:pc":1,"minecraft:furnace":4,"minecraft:cobbled_deepslate":5,"minecraft:orange_terracotta":2,"minecraft:iron_leggings":1,"minecraft:dark_oak_sapling":2,"minecraft:water_bucket":10,"minecraft:stripped_birch_log":5,"minecraft:stone_pickaxe":53,"minecraft:wooden_pickaxe":7,"minecraft:cobblestone_slab":1,"minecraft:crafting_table":7,"minecraft:white_bed":1,"megamons:anistarite_geode_block":2,"minecraft:oak_log":1,"minecraft:flower_pot":1,"minecraft:diamond_pickaxe":21,"minecraft:chicken":1,"minecraft:bread":38,"minecraft:melon_slice":8,"minecraft:iron_pickaxe":231,"minecraft:stone_axe":54,"minecraft:cobblestone":24,"minecraft:porkchop":1,"minecraft:birch_log":8,"minecraft:andesite":5,"minecraft:bucket":11,"minecraft:oak_boat":4,"minecraft:coarse_dirt":2},"minecraft:killed":{"minecraft:spider":4,"minecraft:skeleton":7,"minecraft:chicken":1,"minecraft:drowned":1,"minecraft:pig":1,"minecraft:sheep":7,"minecraft:zombie":16,"minecraft:cow":22},"minecraft:dropped":{"minecraft:bread":25,"minecraft:stick":3,"minecraft:dirt":18,"minecraft:string":4,"minecraft:bucket":2,"minecraft:gravel":1,"minecraft:stone_axe":1,"cobblemon:wepear_berry":1,"minecraft:player_head":1,"minecraft:coarse_dirt":2,"minecraft:cobbled_deepslate":1,"minecraft:rotten_flesh":8,"minecraft:spruce_fence":2,"cobblemon:healing_machine":1,"minecraft:stone_brick_wall":1,"minecraft:oak_sapling":1,"minecraft:spider_eye":4,"minecraft:wooden_pickaxe":1,"minecraft:stone_pickaxe":1}},"DataVersion":3465}