{"stats":{"minecraft:picked_up":{"cobblemon:leaf_stone":3,"beautify:oak_trellis":3,"minecraft:redstone_block":1,"cobblemon:red_apricorn":14,"megamons:raw_galladite":1,"minecraft:stone_brick_stairs":2,"minecraft:amethyst_block":5,"cobblemon:wepear_berry":8,"minecraft:string":45,"minecraft:raw_copper":52,"minecraft:smooth_stone_slab":2,"minecraft:armor_stand":4,"minecraft:experience_bottle":3,"minecraft:cobbled_deepslate":158,"minecraft:bucket":1,"cobblemon:white_apricorn_seed":5,"minecraft:spruce_planks":4,"cobblemon:oran_berry":21,"minecraft:rose_bush":4,"minecraft:calcite":7,"minecraft:iron_pickaxe":1,"cobblemon:big_root":1,"cobblemon:quick_ball":5,"minecraft:furnace":5,"cobblemon:cyan_mint_leaf":3,"minecraft:tipped_arrow":1,"minecraft:stick":13,"cobblemon:apricorn_log":20,"minecraft:torch":9,"minecraft:spruce_stairs":1,"minecraft:porkchop":22,"cobblemon:white_mint_seeds":3,"minecraft:diorite":1,"minecraft:andesite_wall":3,"minecraft:honey_bottle":3,"minecraft:rotten_flesh":38,"minecraft:iron_block":1,"minecraft:obsidian":9,"minecraft:cobblestone":186,"minecraft:magma_block":2,"minecraft:leather_chestplate":4,"minecraft:feather":3,"minecraft:water_bucket":1,"minecraft:andesite":20,"minecraft:brown_wool":5,"minecraft:flint":2,"minecraft:tuff":6,"minecraft:lapis_lazuli":122,"megamons:anistarite_geode_block":184,"minecraft:dirt":1305,"minecraft:lantern":3,"minecraft:leather_boots":5,"minecraft:bone":30,"minecraft:bow":4,"minecraft:wheat_seeds":72,"cobblemon:black_apricorn":15,"minecraft:raw_gold":122,"cobblemon:thunder_stone":4,"minecraft:rabbit":4,"minecraft:mossy_stone_bricks":1,"minecraft:glowstone_dust":1,"cobblemon:moon_stone":2,"minecraft:oak_planks":6,"beautify:hanging_pot":1,"cobblemon:sun_stone":4,"cobblemon:fire_stone":1,"cobblemon:shiny_stone":4,"cobblemon:persim_berry":3,"cobblemon:aspear_berry":11,"minecraft:barrel":2,"megamons:anistarite_rough_geode_block":18,"minecraft:polished_andesite":1,"minecraft:diamond":60,"minecraft:soul_lantern":2,"minecraft:granite":1,"cobblemon:rindo_berry":1,"cobblemon:ice_stone":3,"minecraft:spruce_sign":1,"cobblemon:medicinal_leek":7,"minecraft:oak_sapling":2,"minecraft:crafting_table":11,"minecraft:azure_bluet":1,"minecraft:chicken":9,"minecraft:ladder":1,"wardrobe:snowy_leggings":1,"minecraft:leather_leggings":4,"cobblemon:blue_mint_leaf":3,"cobblemon:yellow_apricorn":28,"minecraft:brown_mushroom":1,"minecraft:stone_brick_wall":1,"cobblemon:cyan_mint_seeds":1,"minecraft:cornflower":4,"cobblemon:white_mint_leaf":3,"cobblemon:white_apricorn":30,"minecraft:white_carpet":7,"cobblemon:link_cable":4,"minecraft:cracked_stone_bricks":1,"cobblemon:roseli_berry":1,"cobblemon:green_apricorn":30,"minecraft:beef":41,"cobblemon:relic_coin":37,"minecraft:oak_boat":1,"minecraft:sugar_cane":12,"minecraft:chest":6,"cobblemon:green_apricorn_seed":5,"cobblemon:chople_berry":1,"minecraft:egg":5,"minecraft:dark_oak_sapling":4,"minecraft:raw_iron":113,"cobblemon:silver_powder":1,"sophisticatedbackpacks:backpack":1,"minecraft:carrot":1,"minecraft:redstone":30,"cobblemon:blue_mint_seeds":4,"cobblemon:dawn_stone":5,"minecraft:arrow":16,"cobblemon:pink_mint_leaf":1,"minecraft:hay_block":86,"minecraft:gold_ingot":1,"minecraft:rail":1,"minecraft:mutton":8,"minecraft:white_wool":10,"cobblemon:blue_apricorn":34,"minecraft:air":0,"minecraft:glow_ink_sac":11,"minecraft:leather":28,"minecraft:oak_log":57,"minecraft:gunpowder":1,"minecraft:cobblestone_wall":1,"minecraft:stone_bricks":1,"minecraft:rabbit_hide":3,"cobblemon:pink_mint_seeds":2,"minecraft:glass_bottle":1,"megamons:raw_gardevoirite":1,"cobblemon:chilan_berry":1,"cobblemon:red_apricorn_seed":5,"minecraft:smooth_basalt":2,"minecraft:sweet_berries":3,"cobblemon:payapa_berry":1,"cobblemon:black_apricorn_seed":2,"minecraft:quartz":9,"minecraft:dandelion":29,"cobblemon:blue_apricorn_seed":3,"minecraft:dripstone_block":5,"cobblemon:cheri_berry":12,"minecraft:amethyst_shard":12,"cobblemon:pink_apricorn":18,"minecraft:white_bed":15,"minecraft:spider_eye":6,"minecraft:leather_helmet":4,"minecraft:painting":1,"wardrobe:silk":10,"cobblemon:water_stone":5,"minecraft:coal":256},"minecraft:custom":{"minecraft:interact_with_crafting_table":51,"minecraft:open_barrel":65,"minecraft:leave_game":8,"minecraft:time_since_death":26288,"minecraft:sprint_one_cm":916399,"minecraft:damage_blocked_by_shield":950,"minecraft:drop":131,"minecraft:talked_to_villager":1,"minecraft:play_time":454415,"minecraft:deaths":6,"minecraft:jump":5678,"minecraft:walk_on_water_one_cm":35088,"minecraft:enchant_item":9,"minecraft:interact_with_furnace":52,"minecraft:sleep_in_bed":23,"minecraft:damage_dealt":19739,"minecraft:crouch_one_cm":80359,"minecraft:mob_kills":119,"minecraft:damage_dealt_resisted":384,"minecraft:climb_one_cm":6249,"minecraft:walk_one_cm":686997,"minecraft:damage_dealt_absorbed":241,"minecraft:sneak_time":25062,"minecraft:walk_under_water_one_cm":23877,"minecraft:boat_one_cm":70470,"minecraft:total_world_time":454415,"minecraft:interact_with_grindstone":7,"minecraft:time_since_rest":26319,"minecraft:damage_taken":7119,"minecraft:swim_one_cm":28857,"minecraft:fly_one_cm":1439778,"minecraft:open_chest":239,"minecraft:fall_one_cm":189385},"minecraft:mined":{"minecraft:large_amethyst_bud":1,"minecraft:spruce_planks":4,"minecraft:white_bed":14,"cobblemon:dawn_stone_ore":1,"minecraft:sculk_vein":5,"cobblemon:apricorn_log":20,"cobblemon:big_root":1,"megamons:crystal_shiny_stone_ore":2,"minecraft:obsidian":9,"minecraft:granite":1,"minecraft:budding_amethyst":1,"minecraft:grass_block":946,"minecraft:stone_brick_wall":1,"megamons:crystal_fire_stone_ore":1,"minecraft:spawner":7,"minecraft:magma_block":2,"minecraft:cobbled_deepslate":7,"minecraft:iron_ore":84,"minecraft:fire":5,"minecraft:barrel":2,"minecraft:deepslate_lapis_ore":13,"cobblemon:charti_berry":1,"cobblemon:medicinal_leek":4,"minecraft:sculk_shrieker":4,"megamons:crystal_ice_stone_ore":3,"minecraft:iron_block":1,"cobblemon:water_stone_ore":1,"minecraft:deepslate_redstone_ore":5,"minecraft:brown_mushroom":1,"megamons:anistarite_geode_block":135,"minecraft:amethyst_cluster":3,"cobblemon:leaf_stone_ore":1,"minecraft:soul_lantern":2,"minecraft:powder_snow":3,"minecraft:torch":4,"cobblemon:blue_mint":3,"cobblemon:apricorn_leaves":199,"beautify:hanging_pot":1,"minecraft:calcite":7,"minecraft:chest":6,"minecraft:dead_bush":1,"beautify:oak_trellis":3,"minecraft:nether_quartz_ore":9,"minecraft:cobblestone":1,"megamons:crystal_moon_stone_ore":1,"minecraft:sugar_cane":6,"minecraft:oak_planks":6,"minecraft:wall_torch":1,"minecraft:amethyst_block":5,"minecraft:seagrass":1,"cobblemon:persim_berry":1,"minecraft:stone_brick_stairs":2,"minecraft:smooth_stone_slab":1,"minecraft:grass":158,"minecraft:oak_log":57,"cobblemon:white_mint":3,"cobblemon:thunder_stone_ore":1,"minecraft:dirt":352,"minecraft:smooth_basalt":2,"minecraft:oak_leaves":22,"minecraft:deepslate":134,"minecraft:diamond_ore":1,"minecraft:tuff":6,"minecraft:dark_oak_leaves":2,"minecraft:deepslate_diamond_ore":27,"cobblemon:moon_stone_ore":1,"minecraft:ladder":1,"megamons:crystal_water_stone_ore":5,"cobblemon:chesto_berry":1,"minecraft:hay_block":86,"minecraft:furnace":5,"cobblemon:razz_berry":1,"cobblemon:deepslate_shiny_stone_ore":2,"cobblemon:pink_mint":3,"minecraft:andesite":21,"minecraft:mossy_stone_brick_stairs":1,"minecraft:deepslate_iron_ore":20,"megamons:gardevoirite_crystal_ore":1,"minecraft:stone":184,"megamons:crystal_thunder_stone_ore":3,"megamons:crystal_leaf_stone_ore":2,"megamons:anistarite_rough_geode_block":18,"minecraft:redstone_block":1,"minecraft:dandelion":3,"minecraft:crafting_table":11,"minecraft:rose_bush":1,"minecraft:andesite_wall":3,"cobblemon:cyan_mint":3,"minecraft:tall_grass":23,"minecraft:copper_ore":13,"minecraft:deepslate_gold_ore":63,"minecraft:sculk":12,"minecraft:diorite":1,"cobblemon:relic_coin_pouch":1,"minecraft:spruce_stairs":1,"minecraft:cobblestone_wall":1,"minecraft:white_carpet":7,"minecraft:birch_leaves":2,"megamons:crystal_dawn_stone_ore":1,"minecraft:coal_ore":132,"megamons:crystal_sun_stone_ore":2,"minecraft:dripstone_block":6,"minecraft:cracked_stone_bricks":1,"minecraft:cobweb":25,"cobblemon:sun_stone_ore":2,"minecraft:stone_bricks":1,"minecraft:polished_andesite":1,"minecraft:mossy_stone_bricks":1,"minecraft:fern":1,"minecraft:infested_stone":5},"minecraft:killed":{"minecraft:cave_spider":7,"minecraft:witch":2,"minecraft:spider":7,"minecraft:skeleton":20,"minecraft:silverfish":7,"minecraft:pig":9,"minecraft:iron_golem":1,"minecraft:sheep":6,"minecraft:pillager":2,"minecraft:zombie":35,"minecraft:stray":2,"minecraft:cow":14,"cobblemon:pokemon":2,"minecraft:enderman":1},"minecraft:crafted":{"minecraft:oak_planks":204,"minecraft:smooth_stone":2,"minecraft:stone":2,"minecraft:iron_boots":1,"minecraft:chest":12,"minecraft:stone_hoe":1,"sophisticatedbackpacks:backpack":1,"minecraft:cooked_porkchop":4,"minecraft:crafting_table":3,"minecraft:wooden_pickaxe":1,"minecraft:iron_helmet":1,"megamons:key_stone":1,"minecraft:copper_ingot":36,"cobblemon:poke_ball":8,"cobblemon:quick_ball":16,"minecraft:iron_chestplate":1,"minecraft:diamond_pickaxe":2,"minecraft:shield":1,"sophisticatedbackpacks:diamond_backpack":1,"minecraft:stick":48,"minecraft:iron_ingot":85,"minecraft:iron_pickaxe":2,"minecraft:stone_sword":1,"minecraft:gold_ingot":33,"minecraft:furnace":1,"minecraft:iron_axe":1,"megamons:mega_cuff":1,"minecraft:stone_pickaxe":1,"wardrobe:savanna_boots":1,"wardrobe:silk":4,"sophisticatedbackpacks:iron_backpack":1,"minecraft:cooked_beef":4,"minecraft:iron_sword":1,"cobblemon:pc":1,"minecraft:leather_helmet":1,"sophisticatedbackpacks:gold_backpack":1,"minecraft:stone_axe":2,"minecraft:air":0,"minecraft:oak_boat":1,"minecraft:iron_shovel":1,"minecraft:iron_leggings":1,"minecraft:white_bed":2,"minecraft:torch":92,"cobblemon:ultra_ball":16,"minecraft:lapis_lazuli":81},"minecraft:used":{"minecraft:iron_shovel":199,"megamons:anistarite_rough_geode_block":14,"minecraft:spruce_slab":50,"minecraft:ladder":1,"minecraft:chest":14,"minecraft:shield":42,"minecraft:iron_sword":232,"minecraft:iron_chestplate":1,"minecraft:carrot":2,"minecraft:tuff":1,"minecraft:obsidian":12,"minecraft:glass":28,"minecraft:grass_block":110,"minecraft:lantern":29,"minecraft:iron_helmet":1,"minecraft:stone_brick_stairs":2,"minecraft:stone_bricks":1,"minecraft:magma_block":1,"minecraft:oak_sapling":2,"minecraft:sweet_berries":1,"minecraft:furnace":5,"minecraft:egg":5,"cobblemon:big_root":1,"minecraft:dark_oak_sapling":4,"minecraft:mossy_stone_bricks":1,"minecraft:diorite":1,"minecraft:spruce_door":2,"minecraft:stone_pickaxe":125,"minecraft:oak_planks":186,"minecraft:wooden_pickaxe":3,"minecraft:redstone_block":1,"beautify:hanging_pot":2,"minecraft:oak_leaves":57,"minecraft:white_wool":1,"cobblemon:yellow_apricorn_seed":5,"megamons:anistarite_geode_block":8,"minecraft:dripstone_block":5,"minecraft:deepslate_brick_stairs":89,"minecraft:birch_fence":42,"cobblemon:green_apricorn_seed":4,"minecraft:birch_fence_gate":3,"minecraft:bread":112,"minecraft:brown_wool":1,"minecraft:soul_lantern":2,"cobblemon:red_apricorn_seed":5,"minecraft:grindstone":1,"minecraft:andesite":14,"minecraft:smooth_stone_slab":2,"minecraft:oak_boat":1,"minecraft:experience_bottle":3,"minecraft:oak_fence":21,"minecraft:rose_bush":1,"minecraft:stone_sword":115,"minecraft:enchanting_table":2,"minecraft:flint_and_steel":3,"minecraft:armor_stand":4,"minecraft:redstone":1,"wardrobe:savanna_boots":1,"minecraft:spruce_planks":313,"minecraft:stone_hoe":48,"minecraft:torch":121,"minecraft:dirt":233,"minecraft:white_carpet":11,"minecraft:spruce_stairs":180,"minecraft:cobblestone_wall":14,"minecraft:spruce_fence":25,"minecraft:oak_fence_gate":5,"beautify:oak_trellis":3,"minecraft:andesite_wall":3,"minecraft:iron_hoe":24,"minecraft:bookshelf":17,"minecraft:iron_axe":40,"cobblemon:pink_apricorn_seed":4,"minecraft:iron_boots":1,"minecraft:barrel":7,"minecraft:smooth_basalt":2,"cobblemon:pc":1,"minecraft:cooked_beef":4,"minecraft:cobbled_deepslate":74,"minecraft:powder_snow_bucket":1,"minecraft:iron_leggings":1,"minecraft:calcite":2,"minecraft:water_bucket":34,"minecraft:amethyst_block":1,"minecraft:dirt_path":1,"minecraft:polished_andesite":1,"minecraft:brown_mushroom":1,"minecraft:spruce_sign":1,"minecraft:spruce_fence_gate":20,"minecraft:cracked_stone_bricks":1,"minecraft:rail":1,"minecraft:crafting_table":11,"cobblemon:black_apricorn_seed":4,"cobblemon:white_apricorn_seed":4,"minecraft:white_bed":17,"minecraft:painting":1,"cobblemon:healing_machine":1,"minecraft:oak_log":169,"minecraft:diamond_pickaxe":575,"minecraft:diamond_shovel":1129,"minecraft:iron_pickaxe":285,"minecraft:spruce_trapdoor":15,"minecraft:spruce_sapling":8,"minecraft:stone_axe":122,"minecraft:cobblestone":77,"minecraft:porkchop":1,"minecraft:cooked_porkchop":4,"minecraft:bucket":36,"minecraft:glass_pane":52,"minecraft:stripped_oak_log":2,"minecraft:dandelion":2,"cobblemon:blue_apricorn_seed":4},"minecraft:killed_by":{"minecraft:creeper":1,"minecraft:skeleton":2},"minecraft:dropped":{"minecraft:porkchop":1,"minecraft:glow_ink_sac":5,"minecraft:leather_helmet":1,"minecraft:flint":2,"cobblemon:poke_ball":20,"cobblemon:blue_apricorn_seed":1,"minecraft:iron_pickaxe":2,"cobblemon:great_ball":32,"cobblemon:ultra_ball":8,"minecraft:gold_ingot":4,"minecraft:bone":13,"minecraft:cobbled_deepslate":13,"minecraft:rotten_flesh":36,"minecraft:honey_bottle":1,"minecraft:white_bed":1,"minecraft:rabbit_hide":1,"minecraft:leather_chestplate":1,"minecraft:gunpowder":1,"minecraft:leather_boots":1,"minecraft:stone_brick_wall":1,"minecraft:leather_leggings":1,"minecraft:arrow":2,"minecraft:beef":5,"minecraft:water_bucket":1,"minecraft:bread":32,"minecraft:wheat_seeds":13,"minecraft:cobblestone":11,"minecraft:granite":1,"minecraft:stick":3,"minecraft:torch":1,"minecraft:rabbit":1,"minecraft:brown_wool":2,"minecraft:string":4,"minecraft:dandelion":2,"minecraft:raw_copper":3,"minecraft:tuff":2,"megamons:raw_galladite":1,"minecraft:chicken":3,"cobblemon:quick_ball":7,"sophisticatedbackpacks:backpack":1,"megamons:anistarite_geode_block":23,"megamons:anistarite_rough_geode_block":1,"minecraft:diamond_pickaxe":1,"minecraft:spider_eye":3,"minecraft:bow":1,"minecraft:calcite":5},"minecraft:broken":{"minecraft:stone_pickaxe":1,"minecraft:stone_axe":1,"minecraft:stone_sword":1,"minecraft:iron_pickaxe":1,"minecraft:iron_helmet":1}},"DataVersion":3465}