{"stats":{"minecraft:custom":{"minecraft:mob_kills":67,"minecraft:interact_with_crafting_table":30,"minecraft:open_barrel":1,"minecraft:damage_dealt_resisted":252,"minecraft:leave_game":2,"minecraft:time_since_death":145237,"minecraft:climb_one_cm":6858,"minecraft:sprint_one_cm":541403,"minecraft:walk_one_cm":284674,"minecraft:damage_blocked_by_shield":385,"minecraft:drop":91,"minecraft:damage_dealt_absorbed":69,"minecraft:talked_to_villager":25,"minecraft:play_time":204688,"minecraft:sneak_time":8481,"minecraft:deaths":2,"minecraft:walk_under_water_one_cm":11013,"minecraft:boat_one_cm":163268,"minecraft:jump":3837,"minecraft:interact_with_blast_furnace":1,"minecraft:walk_on_water_one_cm":14398,"minecraft:total_world_time":204688,"minecraft:interact_with_furnace":54,"minecraft:traded_with_villager":102,"minecraft:pot_flower":2,"minecraft:sleep_in_bed":1,"minecraft:time_since_rest":104410,"minecraft:damage_taken":3344,"minecraft:damage_dealt":10017,"minecraft:interact_with_beacon":2,"minecraft:swim_one_cm":32379,"minecraft:fly_one_cm":768902,"minecraft:open_chest":15,"minecraft:crouch_one_cm":20374,"minecraft:fall_one_cm":131943},"minecraft:used":{"minecraft:oak_fence":1,"minecraft:iron_shovel":20,"megamons:anistarite_rough_geode_block":4,"minecraft:redstone":1,"minecraft:ladder":3,"minecraft:decorated_pot":2,"minecraft:shield":16,"minecraft:iron_sword":143,"minecraft:netherrack":1,"minecraft:iron_chestplate":1,"minecraft:torch":16,"minecraft:dirt":28,"minecraft:tuff":1,"minecraft:spruce_fence":5,"minecraft:azure_bluet":2,"minecraft:stone_brick_slab":1,"minecraft:lantern":2,"minecraft:iron_axe":135,"minecraft:rooted_dirt":1,"minecraft:iron_helmet":1,"minecraft:iron_boots":1,"minecraft:stone_brick_stairs":2,"minecraft:stone_bricks":6,"minecraft:item_frame":3,"cobblemon:pc":3,"minecraft:furnace":4,"minecraft:cobbled_deepslate":5,"minecraft:orange_terracotta":2,"minecraft:iron_leggings":1,"minecraft:dark_oak_sapling":2,"minecraft:water_bucket":20,"minecraft:stripped_birch_log":5,"minecraft:stone_pickaxe":53,"minecraft:oak_planks":21,"minecraft:wooden_pickaxe":7,"minecraft:cobblestone_slab":3,"minecraft:cracked_stone_bricks":3,"minecraft:crafting_table":9,"minecraft:white_bed":1,"megamons:anistarite_geode_block":2,"cobblemon:healing_machine":1,"minecraft:oak_log":1,"minecraft:flower_pot":2,"minecraft:diamond_pickaxe":83,"minecraft:chicken":1,"minecraft:melon_slice":8,"minecraft:bread":70,"minecraft:string":1,"minecraft:iron_door":1,"minecraft:iron_pickaxe":265,"minecraft:stone_slab":1,"minecraft:spruce_trapdoor":1,"minecraft:gravel":1,"minecraft:stone_axe":54,"minecraft:polished_andesite_slab":8,"minecraft:cobblestone":41,"minecraft:porkchop":1,"minecraft:andesite":5,"minecraft:bucket":21,"minecraft:birch_log":8,"minecraft:oak_boat":5,"minecraft:coarse_dirt":2,"minecraft:brush":27,"minecraft:experience_bottle":2},"minecraft:mined":{"cobblemon:healing_machine":4,"minecraft:tuff":1,"minecraft:white_bed":1,"minecraft:mossy_cobblestone":1,"minecraft:deepslate_diamond_ore":3,"minecraft:jungle_leaves":1,"minecraft:stripped_birch_log":5,"cobblemon:pc":4,"minecraft:spruce_trapdoor":1,"minecraft:ladder":3,"minecraft:granite":1,"minecraft:grass_block":16,"minecraft:spruce_fence":4,"minecraft:decorated_pot":2,"megamons:crystal_water_stone_ore":1,"megamons:crystal_fire_stone_ore":1,"minecraft:redstone_wire":1,"minecraft:coal_block":19,"minecraft:polished_andesite_slab":8,"minecraft:rooted_dirt":1,"minecraft:hay_block":16,"minecraft:furnace":4,"minecraft:iron_ore":43,"minecraft:cobbled_deepslate":2,"minecraft:andesite":9,"minecraft:gold_block":2,"minecraft:bookshelf":79,"minecraft:cobblestone_slab":3,"minecraft:deepslate_iron_ore":32,"minecraft:potted_cornflower":1,"minecraft:iron_block":21,"minecraft:stone":49,"minecraft:bone_block":1,"minecraft:player_head":2,"megamons:crystal_leaf_stone_ore":1,"megamons:anistarite_rough_geode_block":4,"minecraft:redstone_block":1,"megamons:anistarite_geode_block":11,"minecraft:smoker":1,"minecraft:orange_terracotta":2,"minecraft:stone_brick_slab":1,"minecraft:oak_fence":1,"minecraft:crafting_table":8,"minecraft:torch":3,"minecraft:blast_furnace":1,"minecraft:melon":2,"minecraft:beacon":2,"minecraft:dead_bush":6,"minecraft:stone_slab":1,"minecraft:cobblestone":10,"minecraft:deepslate_gold_ore":15,"minecraft:lapis_ore":6,"megamons:crystal_moon_stone_ore":1,"minecraft:oak_planks":3,"minecraft:sugar_cane":2,"minecraft:iron_door":1,"cobblemon:relic_coin_pouch":4,"minecraft:wall_torch":1,"minecraft:coarse_dirt":4,"minecraft:birch_log":8,"minecraft:birch_leaves":1,"minecraft:tnt":5,"minecraft:potted_poppy":1,"minecraft:stone_brick_stairs":2,"minecraft:grass":18,"minecraft:oak_log":28,"minecraft:coal_ore":108,"minecraft:gravel":19,"minecraft:dirt":17,"minecraft:cobweb":5,"minecraft:cracked_stone_bricks":3,"minecraft:stone_bricks":6,"minecraft:netherrack":1,"minecraft:gold_ore":9,"minecraft:oak_leaves":15,"minecraft:deepslate":5,"minecraft:suspicious_gravel":3},"minecraft:dropped":{"minecraft:bread":25,"minecraft:iron_ingot":37,"minecraft:mossy_cobblestone":2,"minecraft:cobblestone":4,"minecraft:golden_apple":1,"minecraft:stick":5,"minecraft:flint":2,"minecraft:dirt":18,"minecraft:string":4,"minecraft:bucket":2,"minecraft:redstone":4,"minecraft:gravel":39,"minecraft:stone_axe":1,"cobblemon:wepear_berry":1,"minecraft:player_head":1,"minecraft:coarse_dirt":2,"minecraft:cobbled_deepslate":1,"minecraft:rotten_flesh":8,"minecraft:azure_bluet":1,"cobblemon:dome_sherd":1,"minecraft:spruce_fence":2,"cobblemon:healing_machine":1,"minecraft:andesite":10,"minecraft:stone_brick_wall":1,"minecraft:oak_sapling":1,"minecraft:spider_eye":4,"minecraft:stone_pickaxe":1,"minecraft:wooden_pickaxe":1},"minecraft:killed_by":{"minecraft:creeper":1},"minecraft:crafted":{"minecraft:oak_planks":108,"minecraft:iron_nugget":297,"minecraft:furnace":2,"minecraft:iron_boots":1,"minecraft:iron_axe":1,"minecraft:stone_pickaxe":1,"minecraft:chest":1,"sophisticatedbackpacks:iron_backpack":1,"sophisticatedbackpacks:backpack":1,"minecraft:crafting_table":1,"minecraft:wooden_pickaxe":1,"minecraft:iron_helmet":1,"minecraft:brush":1,"minecraft:iron_sword":1,"sophisticatedbackpacks:gold_backpack":1,"minecraft:bucket":1,"minecraft:stone_axe":1,"cobblemon:exp_candy_xs":36,"minecraft:air":0,"minecraft:oak_boat":1,"cobblemon:poke_ball":63,"minecraft:iron_chestplate":1,"minecraft:gold_nugget":54,"minecraft:shield":1,"minecraft:stick":16,"minecraft:iron_ingot":252,"minecraft:iron_pickaxe":1,"minecraft:iron_shovel":1,"minecraft:iron_leggings":1,"minecraft:gold_ingot":46,"minecraft:white_bed":1,"minecraft:torch":24,"cobblemon:ultra_ball":3},"minecraft:broken":{"minecraft:iron_pickaxe":1},"minecraft:killed":{"minecraft:spider":4,"minecraft:skeleton":10,"minecraft:chicken":1,"minecraft:drowned":1,"minecraft:pig":1,"minecraft:sheep":7,"minecraft:zombie":20,"minecraft:cow":22},"minecraft:picked_up":{"minecraft:crafting_table":8,"cobblemon:leaf_stone":1,"minecraft:coarse_dirt":4,"minecraft:azure_bluet":3,"minecraft:redstone_block":1,"minecraft:chicken":3,"minecraft:ladder":3,"minecraft:flower_pot":2,"cobblemon:yellow_apricorn":10,"minecraft:stone_slab":1,"cobblemon:red_apricorn":3,"minecraft:stone_brick_wall":1,"minecraft:gold_block":2,"minecraft:enchanted_book":1,"minecraft:stone_brick_stairs":2,"minecraft:cornflower":1,"cobblemon:wepear_berry":1,"minecraft:string":20,"minecraft:item_frame":2,"cobblemon:white_apricorn":5,"minecraft:experience_bottle":2,"cobblemon:kings_rock":2,"minecraft:cracked_stone_bricks":3,"minecraft:cobbled_deepslate":6,"cobblemon:green_apricorn":5,"minecraft:bucket":1,"minecraft:beef":46,"minecraft:oak_boat":5,"cobblemon:relic_coin":59,"minecraft:cobblestone_slab":3,"minecraft:player_head":2,"minecraft:iron_pickaxe":1,"minecraft:poppy":1,"minecraft:coal_block":19,"minecraft:melon_slice":8,"minecraft:sugar_cane":5,"cobblemon:dome_sherd":1,"minecraft:spruce_trapdoor":1,"minecraft:furnace":4,"minecraft:dark_oak_sapling":2,"minecraft:stick":10,"minecraft:raw_iron":74,"cobblemon:pc":4,"minecraft:copper_ingot":4,"minecraft:oak_fence":1,"minecraft:torch":5,"minecraft:spruce_fence":7,"minecraft:porkchop":1,"cobblemon:rawst_berry":6,"minecraft:redstone":3,"minecraft:tnt":5,"minecraft:arrow":10,"minecraft:rotten_flesh":11,"minecraft:decorated_pot":2,"minecraft:hay_block":16,"minecraft:iron_block":21,"minecraft:gold_ingot":2,"minecraft:mutton":11,"cobblemon:blue_apricorn":17,"minecraft:cobblestone":67,"minecraft:white_wool":7,"minecraft:birch_log":9,"minecraft:feather":1,"minecraft:iron_door":1,"minecraft:andesite":15,"minecraft:leather":24,"minecraft:smoker":1,"minecraft:beacon":2,"cobblemon:focus_sash":2,"minecraft:flint":2,"minecraft:tuff":1,"minecraft:oak_log":30,"minecraft:stripped_birch_log":5,"minecraft:lapis_lazuli":39,"megamons:anistarite_geode_block":11,"minecraft:dirt":46,"minecraft:lantern":2,"cobblemon:pink_apricorn_seed":1,"minecraft:orange_terracotta":2,"minecraft:bone":9,"minecraft:stone_bricks":6,"cobblemon:rock_gem":1,"cobblemon:black_apricorn":8,"minecraft:raw_gold":24,"minecraft:iron_ingot":6,"minecraft:iron_sword":1,"cobblemon:moon_stone":1,"minecraft:polished_andesite_slab":8,"minecraft:oak_planks":2,"cobblemon:poison_barb":1,"cobblemon:cracked_pot":2,"minecraft:book":237,"cobblemon:red_apricorn_seed":1,"cobblemon:black_apricorn_seed":1,"minecraft:stone_brick_slab":1,"cobblemon:blue_apricorn_seed":2,"cobblemon:fire_stone":1,"minecraft:gravel":40,"minecraft:blast_furnace":1,"cobblemon:pink_apricorn":4,"minecraft:white_bed":1,"minecraft:spider_eye":4,"minecraft:mossy_cobblestone":2,"megamons:anistarite_rough_geode_block":4,"cobblemon:healing_machine":4,"minecraft:diamond":3,"minecraft:chainmail_leggings":1,"minecraft:granite":1,"minecraft:rooted_dirt":1,"minecraft:oak_sapling":1,"cobblemon:water_stone":1,"minecraft:netherrack":1,"minecraft:coal":237,"minecraft:ender_pearl":1}},"DataVersion":3465}