{"stats":{"minecraft:mined":{"minecraft:large_amethyst_bud":1,"minecraft:white_bed":3,"minecraft:deepslate_diamond_ore":2,"minecraft:sculk_vein":1,"cobblemon:apricorn_log":20,"cobblemon:big_root":1,"minecraft:budding_amethyst":1,"minecraft:grass_block":533,"minecraft:hay_block":62,"minecraft:furnace":3,"minecraft:iron_ore":75,"cobblemon:deepslate_shiny_stone_ore":2,"minecraft:deepslate_lapis_ore":4,"minecraft:sculk_shrieker":2,"minecraft:deepslate_iron_ore":17,"megamons:crystal_ice_stone_ore":1,"minecraft:iron_block":1,"minecraft:stone":92,"megamons:anistarite_rough_geode_block":1,"minecraft:deepslate_redstone_ore":5,"megamons:anistarite_geode_block":10,"minecraft:amethyst_cluster":3,"minecraft:dandelion":2,"minecraft:powder_snow":2,"minecraft:crafting_table":8,"cobblemon:apricorn_leaves":96,"minecraft:calcite":5,"minecraft:chest":2,"minecraft:tall_grass":21,"minecraft:copper_ore":13,"minecraft:deepslate_gold_ore":27,"minecraft:sugar_cane":6,"minecraft:sculk":5,"minecraft:diorite":1,"minecraft:amethyst_block":5,"minecraft:birch_leaves":2,"minecraft:smooth_stone_slab":1,"minecraft:grass":131,"minecraft:coal_ore":87,"minecraft:oak_log":46,"cobblemon:thunder_stone_ore":1,"minecraft:dripstone_block":6,"minecraft:dirt":115,"minecraft:cobweb":4,"minecraft:smooth_basalt":2,"cobblemon:sun_stone_ore":2,"minecraft:oak_leaves":11,"minecraft:deepslate":4},"minecraft:broken":{"minecraft:stone_pickaxe":1,"minecraft:stone_axe":1},"minecraft:dropped":{"minecraft:bread":32,"minecraft:wheat_seeds":7,"minecraft:glow_ink_sac":2,"minecraft:cobblestone":8,"minecraft:torch":1,"minecraft:rabbit":1,"minecraft:iron_pickaxe":1,"minecraft:string":1,"minecraft:gold_ingot":4,"minecraft:dandelion":2,"minecraft:cobbled_deepslate":2,"minecraft:raw_copper":3,"minecraft:rotten_flesh":12,"minecraft:white_bed":1,"minecraft:rabbit_hide":1,"megamons:anistarite_rough_geode_block":1,"minecraft:spider_eye":1,"minecraft:calcite":5},"minecraft:custom":{"minecraft:mob_kills":49,"minecraft:interact_with_crafting_table":28,"minecraft:open_barrel":2,"minecraft:damage_dealt_resisted":293,"minecraft:leave_game":3,"minecraft:time_since_death":27214,"minecraft:climb_one_cm":2305,"minecraft:sprint_one_cm":318357,"minecraft:walk_one_cm":205778,"minecraft:damage_blocked_by_shield":580,"minecraft:drop":46,"minecraft:damage_dealt_absorbed":81,"minecraft:play_time":134155,"minecraft:deaths":1,"minecraft:sneak_time":9607,"minecraft:walk_under_water_one_cm":4920,"minecraft:jump":1999,"minecraft:walk_on_water_one_cm":13552,"minecraft:total_world_time":134155,"minecraft:interact_with_furnace":37,"minecraft:sleep_in_bed":4,"minecraft:time_since_rest":27246,"minecraft:damage_taken":2179,"minecraft:damage_dealt":6720,"minecraft:swim_one_cm":7934,"minecraft:fly_one_cm":440732,"minecraft:open_chest":30,"minecraft:crouch_one_cm":34279,"minecraft:fall_one_cm":68154},"minecraft:picked_up":{"minecraft:crafting_table":8,"cobblemon:yellow_apricorn":4,"cobblemon:red_apricorn":4,"minecraft:amethyst_block":5,"cobblemon:wepear_berry":4,"minecraft:cornflower":3,"minecraft:string":11,"minecraft:raw_copper":52,"minecraft:smooth_stone_slab":2,"cobblemon:white_apricorn":6,"minecraft:experience_bottle":1,"minecraft:cobbled_deepslate":6,"cobblemon:green_apricorn":5,"minecraft:bucket":1,"cobblemon:white_apricorn_seed":2,"minecraft:beef":27,"cobblemon:oran_berry":6,"minecraft:calcite":5,"minecraft:iron_pickaxe":1,"cobblemon:big_root":1,"minecraft:sugar_cane":12,"minecraft:chest":2,"minecraft:furnace":3,"minecraft:egg":2,"minecraft:raw_iron":91,"minecraft:stick":5,"cobblemon:apricorn_log":20,"minecraft:torch":2,"minecraft:porkchop":20,"minecraft:diorite":1,"minecraft:carrot":1,"minecraft:redstone":29,"minecraft:arrow":5,"minecraft:rotten_flesh":12,"minecraft:hay_block":62,"minecraft:iron_block":1,"minecraft:gold_ingot":1,"minecraft:mutton":7,"cobblemon:blue_apricorn":8,"minecraft:white_wool":6,"minecraft:cobblestone":95,"minecraft:air":0,"minecraft:glow_ink_sac":4,"minecraft:leather":21,"minecraft:brown_wool":1,"minecraft:oak_log":46,"minecraft:lapis_lazuli":24,"megamons:anistarite_geode_block":12,"minecraft:dirt":657,"minecraft:lantern":2,"minecraft:bone":4,"minecraft:bow":1,"cobblemon:black_apricorn":7,"minecraft:wheat_seeds":50,"minecraft:raw_gold":39,"minecraft:rabbit_hide":1,"cobblemon:thunder_stone":1,"minecraft:rabbit":1,"cobblemon:red_apricorn_seed":2,"cobblemon:sun_stone":2,"minecraft:smooth_basalt":2,"cobblemon:black_apricorn_seed":1,"minecraft:dandelion":17,"cobblemon:shiny_stone":2,"cobblemon:blue_apricorn_seed":1,"minecraft:dripstone_block":5,"cobblemon:cheri_berry":6,"minecraft:amethyst_shard":12,"cobblemon:pink_apricorn":7,"minecraft:white_bed":4,"minecraft:spider_eye":1,"megamons:anistarite_rough_geode_block":1,"minecraft:diamond":4,"cobblemon:ice_stone":1,"minecraft:spruce_sign":1,"minecraft:oak_sapling":2,"minecraft:coal":86},"minecraft:used":{"minecraft:stone_sword":87,"minecraft:iron_shovel":155,"wardrobe:savanna_boots":1,"minecraft:chest":4,"minecraft:shield":33,"minecraft:stone_hoe":48,"minecraft:iron_chestplate":1,"minecraft:torch":75,"minecraft:dirt":168,"minecraft:carrot":2,"minecraft:lantern":2,"minecraft:iron_helmet":1,"minecraft:iron_boots":1,"minecraft:smooth_basalt":2,"minecraft:oak_sapling":2,"minecraft:furnace":2,"minecraft:egg":2,"cobblemon:big_root":1,"minecraft:cooked_beef":4,"minecraft:cobbled_deepslate":4,"minecraft:iron_leggings":1,"minecraft:powder_snow_bucket":1,"minecraft:water_bucket":13,"minecraft:diorite":1,"minecraft:amethyst_block":1,"minecraft:stone_pickaxe":125,"minecraft:oak_planks":9,"minecraft:wooden_pickaxe":3,"minecraft:spruce_sign":1,"minecraft:crafting_table":8,"minecraft:white_bed":5,"minecraft:dripstone_block":5,"cobblemon:healing_machine":1,"minecraft:diamond_shovel":483,"minecraft:bread":25,"minecraft:brown_wool":1,"minecraft:iron_pickaxe":245,"minecraft:stone_axe":115,"minecraft:cooked_porkchop":4,"minecraft:bucket":15,"minecraft:smooth_stone_slab":2,"minecraft:dandelion":2,"minecraft:experience_bottle":1},"minecraft:killed_by":{"minecraft:creeper":1},"minecraft:killed":{"minecraft:cave_spider":2,"minecraft:spider":2,"minecraft:skeleton":4,"minecraft:pig":9,"cobblemon:pokemon":1,"minecraft:sheep":6,"minecraft:zombie":9,"minecraft:cow":14},"minecraft:crafted":{"minecraft:oak_planks":184,"minecraft:furnace":1,"minecraft:iron_boots":1,"minecraft:iron_axe":1,"minecraft:stone_pickaxe":1,"minecraft:chest":3,"wardrobe:savanna_boots":1,"minecraft:stone_hoe":1,"wardrobe:silk":4,"sophisticatedbackpacks:iron_backpack":1,"minecraft:cooked_beef":4,"sophisticatedbackpacks:backpack":1,"minecraft:cooked_porkchop":4,"minecraft:crafting_table":2,"minecraft:wooden_pickaxe":1,"minecraft:iron_helmet":1,"minecraft:iron_sword":1,"minecraft:stone_axe":2,"minecraft:air":0,"minecraft:iron_chestplate":1,"minecraft:shield":1,"minecraft:stick":40,"minecraft:iron_ingot":66,"minecraft:iron_pickaxe":2,"minecraft:stone_sword":1,"minecraft:iron_leggings":1,"minecraft:iron_shovel":1,"minecraft:gold_ingot":4,"minecraft:white_bed":2,"minecraft:torch":92}},"DataVersion":3465}