{"stats":{"minecraft:mined":{"minecraft:large_amethyst_bud":1,"minecraft:white_bed":3,"minecraft:deepslate_diamond_ore":2,"cobblemon:apricorn_log":20,"cobblemon:big_root":1,"minecraft:budding_amethyst":1,"minecraft:grass_block":533,"minecraft:hay_block":62,"minecraft:furnace":2,"minecraft:iron_ore":75,"cobblemon:deepslate_shiny_stone_ore":1,"minecraft:deepslate_iron_ore":9,"minecraft:iron_block":1,"minecraft:stone":92,"minecraft:deepslate_redstone_ore":5,"minecraft:amethyst_cluster":3,"minecraft:dandelion":2,"minecraft:powder_snow":2,"minecraft:crafting_table":7,"cobblemon:apricorn_leaves":96,"minecraft:calcite":5,"minecraft:chest":2,"minecraft:tall_grass":21,"minecraft:copper_ore":13,"minecraft:deepslate_gold_ore":2,"minecraft:sugar_cane":6,"minecraft:diorite":1,"minecraft:amethyst_block":5,"minecraft:birch_leaves":2,"minecraft:smooth_stone_slab":1,"minecraft:grass":131,"minecraft:coal_ore":87,"minecraft:oak_log":46,"cobblemon:thunder_stone_ore":1,"minecraft:dripstone_block":6,"minecraft:dirt":115,"minecraft:cobweb":4,"minecraft:smooth_basalt":2,"cobblemon:sun_stone_ore":2,"minecraft:oak_leaves":11},"minecraft:broken":{"minecraft:stone_pickaxe":1,"minecraft:stone_axe":1},"minecraft:dropped":{"minecraft:wheat_seeds":7,"minecraft:glow_ink_sac":2,"minecraft:torch":1,"minecraft:rabbit":1,"minecraft:string":1,"minecraft:dandelion":2,"minecraft:cobbled_deepslate":1,"minecraft:raw_copper":3,"minecraft:rotten_flesh":6,"minecraft:white_bed":1,"minecraft:rabbit_hide":1,"minecraft:spider_eye":1,"minecraft:calcite":5},"minecraft:custom":{"minecraft:mob_kills":44,"minecraft:interact_with_crafting_table":14,"minecraft:open_barrel":2,"minecraft:damage_dealt_resisted":293,"minecraft:leave_game":3,"minecraft:time_since_death":3214,"minecraft:climb_one_cm":2305,"minecraft:sprint_one_cm":278067,"minecraft:walk_one_cm":188669,"minecraft:damage_blocked_by_shield":520,"minecraft:drop":26,"minecraft:damage_dealt_absorbed":81,"minecraft:play_time":110155,"minecraft:deaths":1,"minecraft:sneak_time":7974,"minecraft:walk_under_water_one_cm":2973,"minecraft:jump":1635,"minecraft:walk_on_water_one_cm":9149,"minecraft:total_world_time":110155,"minecraft:interact_with_furnace":12,"minecraft:sleep_in_bed":4,"minecraft:time_since_rest":3246,"minecraft:damage_taken":1885,"minecraft:damage_dealt":5686,"minecraft:swim_one_cm":7386,"minecraft:fly_one_cm":323396,"minecraft:open_chest":30,"minecraft:crouch_one_cm":28987,"minecraft:fall_one_cm":55692},"minecraft:picked_up":{"minecraft:crafting_table":7,"cobblemon:yellow_apricorn":4,"cobblemon:red_apricorn":4,"minecraft:amethyst_block":5,"cobblemon:wepear_berry":4,"minecraft:cornflower":3,"minecraft:string":11,"minecraft:raw_copper":52,"minecraft:smooth_stone_slab":2,"cobblemon:white_apricorn":6,"minecraft:experience_bottle":1,"minecraft:cobbled_deepslate":2,"cobblemon:green_apricorn":5,"minecraft:bucket":1,"cobblemon:white_apricorn_seed":2,"minecraft:beef":27,"cobblemon:oran_berry":6,"minecraft:calcite":5,"cobblemon:big_root":1,"minecraft:sugar_cane":12,"minecraft:chest":2,"minecraft:furnace":2,"minecraft:egg":2,"minecraft:raw_iron":83,"minecraft:stick":5,"cobblemon:apricorn_log":20,"minecraft:torch":2,"minecraft:porkchop":20,"minecraft:diorite":1,"minecraft:redstone":29,"minecraft:arrow":5,"minecraft:rotten_flesh":6,"minecraft:hay_block":62,"minecraft:iron_block":1,"minecraft:mutton":7,"cobblemon:blue_apricorn":8,"minecraft:white_wool":6,"minecraft:cobblestone":95,"minecraft:air":0,"minecraft:glow_ink_sac":4,"minecraft:leather":18,"minecraft:brown_wool":1,"minecraft:oak_log":46,"minecraft:dirt":657,"minecraft:lantern":2,"minecraft:bone":4,"minecraft:bow":1,"cobblemon:black_apricorn":7,"minecraft:wheat_seeds":50,"minecraft:raw_gold":2,"minecraft:rabbit_hide":1,"cobblemon:thunder_stone":1,"minecraft:rabbit":1,"cobblemon:red_apricorn_seed":2,"cobblemon:sun_stone":2,"minecraft:smooth_basalt":2,"cobblemon:black_apricorn_seed":1,"minecraft:dandelion":17,"cobblemon:shiny_stone":1,"cobblemon:blue_apricorn_seed":1,"minecraft:dripstone_block":5,"cobblemon:cheri_berry":6,"minecraft:amethyst_shard":12,"cobblemon:pink_apricorn":7,"minecraft:white_bed":4,"minecraft:spider_eye":1,"minecraft:diamond":4,"minecraft:spruce_sign":1,"minecraft:oak_sapling":2,"minecraft:coal":86},"minecraft:used":{"minecraft:stone_sword":65,"minecraft:iron_shovel":155,"minecraft:chest":4,"minecraft:shield":31,"minecraft:stone_hoe":48,"minecraft:torch":57,"minecraft:dirt":168,"minecraft:lantern":2,"minecraft:smooth_basalt":2,"minecraft:oak_sapling":2,"minecraft:furnace":2,"minecraft:egg":2,"cobblemon:big_root":1,"minecraft:cooked_beef":4,"minecraft:powder_snow_bucket":1,"minecraft:water_bucket":8,"minecraft:diorite":1,"minecraft:amethyst_block":1,"minecraft:stone_pickaxe":125,"minecraft:wooden_pickaxe":3,"minecraft:spruce_sign":1,"minecraft:crafting_table":7,"minecraft:white_bed":5,"minecraft:dripstone_block":5,"cobblemon:healing_machine":1,"minecraft:diamond_shovel":483,"minecraft:bread":18,"minecraft:brown_wool":1,"minecraft:iron_pickaxe":189,"minecraft:stone_axe":114,"minecraft:cooked_porkchop":4,"minecraft:bucket":10,"minecraft:smooth_stone_slab":2,"minecraft:dandelion":2,"minecraft:experience_bottle":1},"minecraft:killed_by":{"minecraft:creeper":1},"minecraft:killed":{"minecraft:cave_spider":2,"minecraft:spider":2,"minecraft:skeleton":4,"minecraft:pig":9,"cobblemon:pokemon":1,"minecraft:sheep":6,"minecraft:zombie":4,"minecraft:cow":14},"minecraft:crafted":{"minecraft:oak_planks":148,"minecraft:furnace":1,"minecraft:stone_pickaxe":1,"minecraft:chest":3,"minecraft:stone_hoe":1,"minecraft:cooked_beef":4,"sophisticatedbackpacks:backpack":1,"minecraft:cooked_porkchop":4,"minecraft:crafting_table":1,"minecraft:wooden_pickaxe":1,"minecraft:stone_axe":2,"minecraft:air":0,"minecraft:shield":1,"minecraft:stick":32,"minecraft:iron_ingot":8,"minecraft:iron_pickaxe":1,"minecraft:stone_sword":1,"minecraft:iron_shovel":1,"minecraft:white_bed":2,"minecraft:torch":88}},"DataVersion":3465}