{"stats":{"minecraft:custom":{"minecraft:interact_with_furnace":44,"minecraft:mob_kills":32,"minecraft:interact_with_crafting_table":24,"minecraft:damage_dealt_resisted":17,"minecraft:leave_game":1,"minecraft:time_since_death":12045,"minecraft:climb_one_cm":851,"minecraft:time_since_rest":12075,"minecraft:sprint_one_cm":121576,"minecraft:damage_taken":1384,"minecraft:walk_one_cm":82230,"minecraft:damage_blocked_by_shield":150,"minecraft:drop":7,"minecraft:damage_dealt":5152,"minecraft:damage_dealt_absorbed":69,"minecraft:swim_one_cm":6013,"minecraft:fly_one_cm":181965,"minecraft:crouch_one_cm":7833,"minecraft:play_time":71496,"minecraft:deaths":2,"minecraft:sneak_time":4444,"minecraft:walk_under_water_one_cm":3934,"minecraft:boat_one_cm":9855,"minecraft:jump":958,"minecraft:walk_on_water_one_cm":1023,"minecraft:total_world_time":71496,"minecraft:fall_one_cm":34446},"minecraft:mined":{"megamons:anistarite_rough_geode_block":4,"minecraft:tuff":1,"megamons:anistarite_geode_block":11,"minecraft:deepslate_diamond_ore":3,"minecraft:orange_terracotta":2,"minecraft:crafting_table":5,"minecraft:grass_block":1,"minecraft:melon":2,"megamons:crystal_water_stone_ore":1,"minecraft:dead_bush":6,"megamons:crystal_fire_stone_ore":1,"megamons:crystal_moon_stone_ore":1,"minecraft:deepslate_gold_ore":15,"minecraft:lapis_ore":6,"minecraft:oak_planks":3,"minecraft:sugar_cane":2,"minecraft:wall_torch":1,"minecraft:coarse_dirt":2,"minecraft:furnace":4,"minecraft:iron_ore":41,"minecraft:cobbled_deepslate":2,"minecraft:andesite":2,"minecraft:grass":8,"minecraft:coal_ore":68,"minecraft:oak_log":22,"minecraft:deepslate_iron_ore":32,"minecraft:cobweb":5,"minecraft:stone":34,"megamons:crystal_leaf_stone_ore":1,"minecraft:gold_ore":9,"minecraft:deepslate":5,"minecraft:oak_leaves":2},"minecraft:used":{"megamons:anistarite_rough_geode_block":4,"minecraft:stone_pickaxe":53,"minecraft:shield":7,"minecraft:wooden_pickaxe":7,"minecraft:iron_sword":67,"minecraft:iron_chestplate":1,"minecraft:torch":8,"minecraft:dirt":2,"minecraft:crafting_table":5,"megamons:anistarite_geode_block":2,"minecraft:tuff":1,"minecraft:chicken":1,"minecraft:iron_axe":4,"minecraft:melon_slice":8,"minecraft:bread":14,"minecraft:iron_pickaxe":184,"minecraft:iron_helmet":1,"minecraft:iron_boots":1,"minecraft:stone_axe":54,"minecraft:cobblestone":13,"minecraft:furnace":4,"minecraft:porkchop":1,"minecraft:bucket":1,"minecraft:andesite":2,"minecraft:oak_boat":1,"minecraft:cobbled_deepslate":5,"minecraft:coarse_dirt":2,"minecraft:orange_terracotta":2,"minecraft:iron_leggings":1},"minecraft:picked_up":{"cobblemon:leaf_stone":1,"minecraft:crafting_table":5,"minecraft:coarse_dirt":2,"minecraft:chicken":1,"minecraft:andesite":2,"cobblemon:yellow_apricorn":4,"minecraft:leather":4,"minecraft:tuff":1,"minecraft:oak_log":22,"megamons:anistarite_geode_block":11,"minecraft:string":7,"minecraft:lapis_lazuli":39,"minecraft:dirt":2,"minecraft:orange_terracotta":2,"minecraft:bone":3,"minecraft:cobbled_deepslate":6,"minecraft:raw_gold":24,"minecraft:beef":13,"minecraft:oak_boat":1,"cobblemon:moon_stone":1,"minecraft:melon_slice":8,"minecraft:sugar_cane":5,"minecraft:oak_planks":2,"minecraft:furnace":4,"minecraft:raw_iron":72,"minecraft:stick":6,"cobblemon:rawst_berry":6,"cobblemon:fire_stone":1,"minecraft:torch":1,"minecraft:porkchop":1,"megamons:anistarite_rough_geode_block":4,"minecraft:arrow":5,"minecraft:rotten_flesh":4,"minecraft:diamond":3,"cobblemon:water_stone":1,"minecraft:mutton":4,"minecraft:coal":171,"minecraft:white_wool":2,"minecraft:cobblestone":39},"minecraft:killed":{"minecraft:pig":1,"minecraft:spider":4,"minecraft:sheep":2,"minecraft:skeleton":4,"minecraft:zombie":13,"minecraft:chicken":1,"minecraft:cow":7},"minecraft:dropped":{"minecraft:stone_axe":1,"minecraft:cobbled_deepslate":1,"minecraft:rotten_flesh":4,"minecraft:stick":1,"minecraft:stone_pickaxe":1,"minecraft:wooden_pickaxe":1},"minecraft:crafted":{"minecraft:oak_planks":88,"sophisticatedbackpacks:backpack":1,"minecraft:crafting_table":1,"minecraft:wooden_pickaxe":1,"minecraft:iron_helmet":1,"minecraft:iron_sword":1,"minecraft:furnace":2,"sophisticatedbackpacks:gold_backpack":1,"minecraft:bucket":1,"minecraft:stone_axe":1,"minecraft:air":0,"minecraft:oak_boat":1,"minecraft:iron_boots":1,"minecraft:iron_chestplate":1,"minecraft:shield":1,"minecraft:iron_axe":1,"minecraft:stick":12,"minecraft:iron_ingot":72,"minecraft:iron_pickaxe":1,"minecraft:stone_pickaxe":1,"minecraft:chest":1,"minecraft:gold_ingot":24,"minecraft:iron_leggings":1,"minecraft:torch":24,"sophisticatedbackpacks:iron_backpack":1},"minecraft:killed_by":{"minecraft:creeper":1}},"DataVersion":3465}