{"stats":{"minecraft:picked_up":{"beautify:oak_trellis":3,"minecraft:redstone_block":1,"cobblemon:red_apricorn":9,"minecraft:stone_brick_stairs":1,"minecraft:amethyst_block":5,"cobblemon:wepear_berry":8,"minecraft:string":32,"minecraft:raw_copper":52,"minecraft:smooth_stone_slab":2,"minecraft:armor_stand":4,"minecraft:experience_bottle":3,"minecraft:cobbled_deepslate":13,"minecraft:bucket":1,"cobblemon:white_apricorn_seed":4,"minecraft:spruce_planks":4,"cobblemon:oran_berry":20,"minecraft:rose_bush":4,"minecraft:calcite":7,"minecraft:iron_pickaxe":1,"cobblemon:big_root":1,"cobblemon:quick_ball":5,"cobblemon:cyan_mint_leaf":3,"minecraft:furnace":5,"minecraft:tipped_arrow":1,"minecraft:stick":9,"cobblemon:apricorn_log":20,"minecraft:torch":7,"minecraft:spruce_stairs":1,"minecraft:porkchop":22,"cobblemon:white_mint_seeds":3,"minecraft:diorite":1,"minecraft:honey_bottle":2,"minecraft:rotten_flesh":19,"minecraft:iron_block":1,"minecraft:obsidian":9,"minecraft:cobblestone":98,"minecraft:leather_chestplate":4,"minecraft:feather":3,"minecraft:water_bucket":1,"minecraft:brown_wool":1,"megamons:anistarite_geode_block":12,"minecraft:lapis_lazuli":24,"minecraft:dirt":1302,"minecraft:lantern":3,"minecraft:leather_boots":4,"minecraft:bone":12,"minecraft:bow":1,"cobblemon:black_apricorn":14,"minecraft:wheat_seeds":71,"minecraft:raw_gold":42,"cobblemon:thunder_stone":1,"minecraft:mossy_stone_bricks":1,"minecraft:rabbit":4,"minecraft:glowstone_dust":1,"minecraft:oak_planks":6,"beautify:hanging_pot":1,"cobblemon:sun_stone":2,"cobblemon:shiny_stone":2,"cobblemon:persim_berry":3,"cobblemon:aspear_berry":11,"minecraft:barrel":2,"megamons:anistarite_rough_geode_block":1,"minecraft:polished_andesite":1,"minecraft:diamond":6,"minecraft:soul_lantern":2,"cobblemon:ice_stone":1,"minecraft:spruce_sign":1,"cobblemon:medicinal_leek":7,"minecraft:oak_sapling":2,"minecraft:crafting_table":11,"minecraft:azure_bluet":1,"minecraft:chicken":7,"minecraft:ladder":1,"minecraft:leather_leggings":4,"cobblemon:blue_mint_leaf":3,"cobblemon:yellow_apricorn":12,"minecraft:brown_mushroom":1,"cobblemon:cyan_mint_seeds":1,"minecraft:cornflower":4,"cobblemon:white_mint_leaf":3,"minecraft:white_carpet":7,"cobblemon:white_apricorn":19,"cobblemon:link_cable":4,"cobblemon:roseli_berry":1,"cobblemon:green_apricorn":17,"minecraft:beef":30,"minecraft:oak_boat":1,"cobblemon:relic_coin":37,"minecraft:sugar_cane":12,"minecraft:chest":6,"cobblemon:green_apricorn_seed":2,"cobblemon:chople_berry":1,"minecraft:egg":5,"minecraft:dark_oak_sapling":4,"minecraft:raw_iron":91,"cobblemon:silver_powder":1,"minecraft:carrot":1,"minecraft:redstone":30,"cobblemon:blue_mint_seeds":4,"minecraft:arrow":10,"cobblemon:pink_mint_leaf":1,"minecraft:hay_block":86,"minecraft:gold_ingot":1,"minecraft:mutton":8,"cobblemon:blue_apricorn":28,"minecraft:white_wool":7,"minecraft:air":0,"minecraft:glow_ink_sac":4,"minecraft:leather":23,"minecraft:oak_log":57,"minecraft:cobblestone_wall":1,"minecraft:stone_bricks":1,"minecraft:rabbit_hide":3,"cobblemon:pink_mint_seeds":2,"minecraft:glass_bottle":1,"cobblemon:chilan_berry":1,"cobblemon:red_apricorn_seed":4,"minecraft:smooth_basalt":2,"minecraft:sweet_berries":3,"cobblemon:black_apricorn_seed":2,"minecraft:quartz":9,"minecraft:dandelion":29,"cobblemon:blue_apricorn_seed":3,"minecraft:dripstone_block":5,"cobblemon:cheri_berry":12,"minecraft:amethyst_shard":12,"cobblemon:pink_apricorn":14,"minecraft:white_bed":15,"minecraft:spider_eye":4,"minecraft:leather_helmet":4,"minecraft:painting":1,"cobblemon:water_stone":1,"minecraft:coal":139},"minecraft:custom":{"minecraft:interact_with_crafting_table":44,"minecraft:open_barrel":61,"minecraft:leave_game":7,"minecraft:time_since_death":205454,"minecraft:sprint_one_cm":736657,"minecraft:damage_blocked_by_shield":950,"minecraft:drop":87,"minecraft:talked_to_villager":1,"minecraft:play_time":350972,"minecraft:deaths":2,"minecraft:jump":4278,"minecraft:enchant_item":9,"minecraft:walk_on_water_one_cm":23639,"minecraft:interact_with_furnace":44,"minecraft:sleep_in_bed":21,"minecraft:damage_dealt":11354,"minecraft:crouch_one_cm":55742,"minecraft:mob_kills":69,"minecraft:damage_dealt_resisted":293,"minecraft:climb_one_cm":6249,"minecraft:walk_one_cm":549444,"minecraft:damage_dealt_absorbed":81,"minecraft:sneak_time":17194,"minecraft:walk_under_water_one_cm":14829,"minecraft:boat_one_cm":70470,"minecraft:total_world_time":350972,"minecraft:interact_with_grindstone":7,"minecraft:time_since_rest":5345,"minecraft:damage_taken":3839,"minecraft:swim_one_cm":17990,"minecraft:fly_one_cm":1247540,"minecraft:open_chest":202,"minecraft:fall_one_cm":144458},"minecraft:mined":{"minecraft:large_amethyst_bud":1,"minecraft:spruce_planks":4,"minecraft:white_bed":14,"minecraft:sculk_vein":1,"cobblemon:big_root":1,"cobblemon:apricorn_log":20,"minecraft:obsidian":9,"minecraft:budding_amethyst":1,"minecraft:grass_block":943,"minecraft:spawner":5,"minecraft:cobbled_deepslate":1,"minecraft:iron_ore":75,"minecraft:fire":5,"minecraft:barrel":2,"minecraft:deepslate_lapis_ore":4,"cobblemon:charti_berry":1,"cobblemon:medicinal_leek":4,"minecraft:sculk_shrieker":2,"megamons:crystal_ice_stone_ore":1,"minecraft:iron_block":1,"cobblemon:water_stone_ore":1,"minecraft:deepslate_redstone_ore":5,"minecraft:brown_mushroom":1,"megamons:anistarite_geode_block":10,"minecraft:amethyst_cluster":3,"minecraft:soul_lantern":2,"minecraft:powder_snow":3,"minecraft:torch":3,"cobblemon:blue_mint":3,"cobblemon:apricorn_leaves":96,"beautify:hanging_pot":1,"minecraft:calcite":7,"minecraft:chest":6,"minecraft:dead_bush":1,"beautify:oak_trellis":3,"minecraft:nether_quartz_ore":9,"minecraft:sugar_cane":6,"minecraft:oak_planks":6,"minecraft:amethyst_block":5,"minecraft:seagrass":1,"cobblemon:persim_berry":1,"minecraft:stone_brick_stairs":1,"minecraft:smooth_stone_slab":1,"minecraft:grass":154,"minecraft:oak_log":57,"cobblemon:white_mint":3,"cobblemon:thunder_stone_ore":1,"minecraft:dirt":351,"minecraft:smooth_basalt":2,"minecraft:oak_leaves":22,"minecraft:deepslate":10,"minecraft:dark_oak_leaves":2,"minecraft:deepslate_diamond_ore":4,"minecraft:ladder":1,"cobblemon:chesto_berry":1,"minecraft:hay_block":86,"minecraft:furnace":5,"cobblemon:razz_berry":1,"cobblemon:deepslate_shiny_stone_ore":2,"cobblemon:pink_mint":3,"minecraft:mossy_stone_brick_stairs":1,"minecraft:deepslate_iron_ore":17,"minecraft:stone":95,"megamons:anistarite_rough_geode_block":1,"minecraft:redstone_block":1,"minecraft:dandelion":3,"minecraft:crafting_table":11,"minecraft:rose_bush":1,"cobblemon:cyan_mint":3,"minecraft:tall_grass":23,"minecraft:copper_ore":13,"minecraft:deepslate_gold_ore":30,"minecraft:sculk":5,"minecraft:diorite":1,"cobblemon:relic_coin_pouch":1,"minecraft:spruce_stairs":1,"minecraft:cobblestone_wall":1,"minecraft:white_carpet":7,"minecraft:birch_leaves":2,"minecraft:coal_ore":87,"minecraft:dripstone_block":6,"minecraft:cobweb":16,"cobblemon:sun_stone_ore":2,"minecraft:polished_andesite":1,"minecraft:stone_bricks":1,"minecraft:mossy_stone_bricks":1,"minecraft:fern":1},"minecraft:killed":{"minecraft:cave_spider":4,"minecraft:witch":2,"minecraft:spider":4,"minecraft:skeleton":7,"minecraft:pig":9,"minecraft:sheep":6,"minecraft:pillager":2,"minecraft:zombie":15,"minecraft:stray":2,"minecraft:cow":14,"cobblemon:pokemon":2},"minecraft:crafted":{"minecraft:oak_planks":204,"minecraft:iron_boots":1,"minecraft:chest":12,"minecraft:stone_hoe":1,"sophisticatedbackpacks:backpack":1,"minecraft:cooked_porkchop":4,"minecraft:crafting_table":3,"minecraft:wooden_pickaxe":1,"minecraft:iron_helmet":1,"megamons:key_stone":1,"minecraft:copper_ingot":1,"cobblemon:poke_ball":4,"cobblemon:quick_ball":8,"minecraft:iron_chestplate":1,"minecraft:diamond_pickaxe":2,"minecraft:shield":1,"sophisticatedbackpacks:diamond_backpack":1,"minecraft:stick":48,"minecraft:iron_ingot":85,"minecraft:iron_pickaxe":2,"minecraft:stone_sword":1,"minecraft:gold_ingot":33,"minecraft:furnace":1,"minecraft:iron_axe":1,"megamons:mega_cuff":1,"minecraft:stone_pickaxe":1,"wardrobe:savanna_boots":1,"wardrobe:silk":4,"sophisticatedbackpacks:iron_backpack":1,"minecraft:cooked_beef":4,"minecraft:iron_sword":1,"minecraft:leather_helmet":1,"sophisticatedbackpacks:gold_backpack":1,"minecraft:stone_axe":2,"minecraft:air":0,"minecraft:oak_boat":1,"minecraft:iron_shovel":1,"minecraft:iron_leggings":1,"minecraft:white_bed":2,"minecraft:torch":92,"minecraft:lapis_lazuli":81},"minecraft:used":{"minecraft:iron_shovel":199,"minecraft:spruce_slab":50,"minecraft:ladder":1,"minecraft:chest":14,"minecraft:shield":42,"minecraft:iron_sword":50,"minecraft:iron_chestplate":1,"minecraft:carrot":2,"minecraft:obsidian":12,"minecraft:glass":28,"minecraft:lantern":29,"minecraft:grass_block":110,"minecraft:iron_helmet":1,"minecraft:stone_brick_stairs":1,"minecraft:stone_bricks":1,"minecraft:sweet_berries":1,"minecraft:furnace":5,"minecraft:oak_sapling":2,"minecraft:egg":5,"cobblemon:big_root":1,"minecraft:dark_oak_sapling":4,"minecraft:mossy_stone_bricks":1,"minecraft:diorite":1,"minecraft:spruce_door":2,"minecraft:stone_pickaxe":125,"minecraft:oak_planks":186,"minecraft:wooden_pickaxe":3,"minecraft:redstone_block":1,"beautify:hanging_pot":2,"minecraft:oak_leaves":57,"minecraft:white_wool":1,"cobblemon:yellow_apricorn_seed":5,"minecraft:dripstone_block":5,"minecraft:deepslate_brick_stairs":89,"minecraft:birch_fence":42,"cobblemon:green_apricorn_seed":4,"minecraft:birch_fence_gate":3,"minecraft:bread":72,"minecraft:brown_wool":1,"minecraft:soul_lantern":2,"cobblemon:red_apricorn_seed":5,"minecraft:grindstone":1,"minecraft:smooth_stone_slab":2,"minecraft:oak_boat":1,"minecraft:experience_bottle":3,"minecraft:oak_fence":21,"minecraft:rose_bush":1,"minecraft:enchanting_table":2,"minecraft:stone_sword":115,"minecraft:flint_and_steel":3,"minecraft:armor_stand":4,"minecraft:redstone":1,"wardrobe:savanna_boots":1,"minecraft:spruce_planks":313,"minecraft:stone_hoe":48,"minecraft:torch":107,"minecraft:dirt":230,"minecraft:white_carpet":11,"minecraft:spruce_stairs":180,"minecraft:cobblestone_wall":14,"minecraft:spruce_fence":25,"minecraft:oak_fence_gate":5,"beautify:oak_trellis":3,"minecraft:iron_hoe":24,"minecraft:bookshelf":17,"minecraft:iron_axe":39,"cobblemon:pink_apricorn_seed":4,"minecraft:iron_boots":1,"minecraft:barrel":7,"minecraft:smooth_basalt":2,"minecraft:cooked_beef":4,"minecraft:cobbled_deepslate":7,"minecraft:powder_snow_bucket":1,"minecraft:iron_leggings":1,"minecraft:calcite":2,"minecraft:water_bucket":26,"minecraft:amethyst_block":1,"minecraft:dirt_path":1,"minecraft:polished_andesite":1,"minecraft:brown_mushroom":1,"minecraft:spruce_sign":1,"minecraft:spruce_fence_gate":20,"minecraft:crafting_table":11,"cobblemon:black_apricorn_seed":4,"minecraft:white_bed":17,"cobblemon:white_apricorn_seed":4,"minecraft:painting":1,"cobblemon:healing_machine":1,"minecraft:oak_log":169,"minecraft:diamond_pickaxe":12,"minecraft:diamond_shovel":1129,"minecraft:iron_pickaxe":285,"minecraft:spruce_trapdoor":15,"minecraft:spruce_sapling":8,"minecraft:stone_axe":122,"minecraft:cobblestone":12,"minecraft:porkchop":1,"minecraft:cooked_porkchop":4,"minecraft:bucket":28,"minecraft:glass_pane":52,"minecraft:stripped_oak_log":2,"minecraft:dandelion":2,"cobblemon:blue_apricorn_seed":4},"minecraft:killed_by":{"minecraft:creeper":1},"minecraft:dropped":{"minecraft:porkchop":1,"minecraft:glow_ink_sac":2,"minecraft:leather_helmet":1,"cobblemon:poke_ball":20,"cobblemon:great_ball":32,"cobblemon:blue_apricorn_seed":1,"minecraft:iron_pickaxe":1,"cobblemon:ultra_ball":8,"minecraft:gold_ingot":4,"minecraft:bone":2,"minecraft:cobbled_deepslate":6,"minecraft:rotten_flesh":15,"minecraft:honey_bottle":1,"minecraft:white_bed":1,"minecraft:rabbit_hide":1,"minecraft:leather_chestplate":1,"minecraft:leather_boots":1,"minecraft:leather_leggings":1,"minecraft:beef":3,"minecraft:water_bucket":1,"minecraft:bread":32,"minecraft:wheat_seeds":12,"minecraft:cobblestone":11,"minecraft:stick":3,"minecraft:torch":1,"minecraft:rabbit":1,"minecraft:string":1,"minecraft:dandelion":2,"minecraft:raw_copper":3,"minecraft:chicken":2,"cobblemon:quick_ball":7,"sophisticatedbackpacks:backpack":1,"megamons:anistarite_rough_geode_block":1,"minecraft:spider_eye":1,"minecraft:calcite":5},"minecraft:broken":{"minecraft:stone_pickaxe":1,"minecraft:stone_axe":1,"minecraft:stone_sword":1,"minecraft:iron_pickaxe":1}},"DataVersion":3465}