{"stats":{"minecraft:crafted":{"minecraft:oak_planks":36,"minecraft:crafting_table":2,"minecraft:wooden_pickaxe":1,"minecraft:birch_planks":16,"minecraft:stick":4,"minecraft:stone_pickaxe":1,"minecraft:wooden_axe":2},"minecraft:used":{"minecraft:stone_pickaxe":93,"minecraft:wooden_pickaxe":33,"minecraft:mossy_cobblestone":4,"minecraft:crafting_table":2,"minecraft:light_gray_terracotta":6,"minecraft:white_bed":2,"minecraft:oak_log":1,"minecraft:wooden_axe":90,"minecraft:cyan_terracotta":50,"minecraft:oak_stairs":1,"spartanweaponry:iron_glaive":5,"minecraft:cooked_porkchop":4,"minecraft:yellow_bed":1},"minecraft:custom":{"minecraft:mob_kills":3,"minecraft:interact_with_crafting_table":6,"minecraft:bell_ring":10,"minecraft:damage_dealt_resisted":432,"minecraft:leave_game":2,"minecraft:time_since_death":18974,"minecraft:sleep_in_bed":2,"minecraft:climb_one_cm":731,"minecraft:time_since_rest":11189,"minecraft:sprint_one_cm":50530,"minecraft:damage_taken":410,"minecraft:walk_one_cm":64886,"minecraft:drop":3,"minecraft:damage_dealt":420,"minecraft:talked_to_villager":4,"minecraft:fly_one_cm":27632,"minecraft:crouch_one_cm":174,"minecraft:play_time":31424,"minecraft:deaths":1,"minecraft:sneak_time":45,"minecraft:jump":246,"minecraft:total_world_time":31424,"minecraft:fall_one_cm":2775},"minecraft:broken":{"minecraft:wooden_axe":1},"minecraft:killed":{"minecraft:pig":1,"minecraft:villager":2},"minecraft:picked_up":{"minecraft:birch_log":37,"minecraft:clay_ball":36,"minecraft:potato":1,"minecraft:oak_stairs":1,"immersive_weathering:birch_bark":1,"minecraft:oak_log":18,"gravestone:obituary":2,"minecraft:yellow_bed":1,"swem:shield_gold":1,"minecraft:dirt":1,"minecraft:wheat_seeds":8,"minecraft:orange_tulip":1,"minecraft:birch_sapling":14,"immersive_weathering:tallow":4,"minecraft:egg":1,"minecraft:stick":12,"minecraft:white_bed":3,"minecraft:carrot":13,"minecraft:mossy_cobblestone":4,"minecraft:light_gray_terracotta":6,"minecraft:rotten_flesh":2,"minecraft:beetroot_seeds":7,"minecraft:hay_block":13,"swem:alfalfa_seeds":2,"minecraft:cyan_terracotta":74,"spartanweaponry:iron_glaive":1,"minecraft:oak_sapling":16,"minecraft:cobblestone":4},"minecraft:mined":{"minecraft:white_bed":3,"farmersdelight:rich_soil":1,"minecraft:cyan_terracotta":76,"minecraft:mossy_cobblestone":4,"minecraft:clay":9,"minecraft:light_gray_terracotta":6,"gravestone:gravestone":1,"minecraft:grass_block":1,"minecraft:cobblestone":4,"minecraft:hay_block":14,"minecraft:carrots":11,"minecraft:birch_log":42,"minecraft:wheat":8,"minecraft:yellow_bed":1,"minecraft:grass":2,"minecraft:potatoes":1,"minecraft:oak_log":41,"minecraft:beetroots":7,"minecraft:oak_stairs":1,"immersive_weathering:ivy":1,"immersive_weathering:oak_leaf_pile":1},"minecraft:dropped":{"minecraft:carrot":1,"gravestone:obituary":1,"immersive_weathering:tallow":2}},"DataVersion":3465}