{
  "minecraft:recipes/decorations/crafting_table": {
    "criteria": {
      "unlock_right_away": "2024-07-28 20:43:34 +0000"
    },
    "done": true
  },
  "beautify:progression/root": {
    "criteria": {
      "Install": "2024-07-28 20:43:34 +0000"
    },
    "done": true
  },
  "minecraft:adventure/adventuring_time": {
    "criteria": {
      "minecraft:river": "2024-08-06 00:35:32 +0000",
      "minecraft:forest": "2024-08-06 00:27:24 +0000",
      "minecraft:flower_forest": "2024-08-06 00:17:29 +0000",
      "minecraft:meadow": "2024-08-06 00:02:46 +0000",
      "minecraft:plains": "2024-07-28 20:43:35 +0000"
    },
    "done": false
  },
  "minecraft:recipes/redstone/lever": {
    "criteria": {
      "has_cobblestone": "2024-08-06 00:18:53 +0000"
    },
    "done": true
  },
  "minecraft:recipes/combat/leather_helmet": {
    "criteria": {
      "has_leather": "2024-08-06 00:20:13 +0000"
    },
    "done": true
  },
  "minecraft:recipes/decorations/ladder": {
    "criteria": {
      "has_stick": "2024-08-06 00:18:20 +0000"
    },
    "done": true
  },
  "minecraft:recipes/food/cake": {
    "criteria": {
      "has_egg": "2024-08-06 00:24:00 +0000"
    },
    "done": true
  },
  "minecraft:recipes/decorations/brown_banner": {
    "criteria": {
      "has_brown_wool": "2024-08-06 00:26:43 +0000"
    },
    "done": true
  },
  "minecraft:recipes/combat/leather_leggings": {
    "criteria": {
      "has_leather": "2024-08-06 00:20:13 +0000"
    },
    "done": true
  },
  "cobblemon:recipes/balls/heal_ball": {
    "criteria": {
      "has_white_apricorn": "2024-08-06 00:34:38 +0000"
    },
    "done": false
  },
  "cobblemon:recipes/agriculture/blue_apricorn_smelt_to_dye": {
    "criteria": {
      "has_apricorn": "2024-08-06 00:35:15 +0000"
    },
    "done": true
  },
  "minecraft:recipes/decorations/brown_bed": {
    "criteria": {
      "has_brown_wool": "2024-08-06 00:26:43 +0000"
    },
    "done": true
  },
  "minecraft:recipes/food/cooked_mutton_from_smoking": {
    "criteria": {
      "has_mutton": "2024-08-06 00:24:27 +0000"
    },
    "done": true
  },
  "beautify:rope": {
    "criteria": {
      "requirement": "2024-08-06 00:28:48 +0000"
    },
    "done": true
  },
  "cobblemon:recipes/balls/dive_ball": {
    "criteria": {
      "has_blue_apricorn": "2024-08-06 00:35:15 +0000",
      "has_white_apricorn": "2024-08-06 00:34:38 +0000"
    },
    "done": true
  },
  "cobblemon:recipes/balls/premier_ball": {
    "criteria": {
      "has_white_apricorn": "2024-08-06 00:34:38 +0000"
    },
    "done": true
  },
  "minecraft:recipes/decorations/oak_sign": {
    "criteria": {
      "has_planks": "2024-08-06 00:17:58 +0000"
    },
    "done": true
  },
  "minecraft:recipes/redstone/oak_trapdoor": {
    "criteria": {
      "has_planks": "2024-08-06 00:17:58 +0000"
    },
    "done": true
  },
  "minecraft:recipes/combat/stone_sword": {
    "criteria": {
      "has_cobblestone": "2024-08-06 00:18:53 +0000"
    },
    "done": true
  },
  "minecraft:recipes/decorations/cobblestone_wall": {
    "criteria": {
      "has_cobblestone": "2024-08-06 00:18:53 +0000"
    },
    "done": true
  },
  "cobblemon:recipes/balls/dream_ball": {
    "criteria": {
      "has_blue_apricorn": "2024-08-06 00:35:15 +0000"
    },
    "done": false
  },
  "minecraft:recipes/decorations/brown_carpet": {
    "criteria": {
      "has_brown_wool": "2024-08-06 00:26:43 +0000"
    },
    "done": true
  },
  "cobblemon:recipes/balls/repeat_ball": {
    "criteria": {
      "has_yellow_apricorn": "2024-08-06 00:33:13 +0000"
    },
    "done": false
  },
  "minecraft:recipes/tools/stone_axe": {
    "criteria": {
      "has_cobblestone": "2024-08-06 00:18:53 +0000"
    },
    "done": true
  },
  "minecraft:recipes/combat/bow": {
    "criteria": {
      "has_string": "2024-08-06 00:28:48 +0000"
    },
    "done": true
  },
  "minecraft:story/mine_stone": {
    "criteria": {
      "get_stone": "2024-08-06 00:18:53 +0000"
    },
    "done": true
  },
  "minecraft:recipes/decorations/furnace": {
    "criteria": {
      "has_cobblestone": "2024-08-06 00:18:53 +0000"
    },
    "done": true
  },
  "cobblemon:first_battle_victory": {
    "criteria": {
      "win": "2024-08-06 00:15:04 +0000"
    },
    "done": true
  },
  "cobblemon:recipes/balls/heavy_ball": {
    "criteria": {
      "has_blue_apricorn": "2024-08-06 00:35:15 +0000"
    },
    "done": false
  },
  "minecraft:recipes/tools/wooden_axe": {
    "criteria": {
      "has_stick": "2024-08-06 00:18:20 +0000"
    },
    "done": true
  },
  "cobblemon:recipes/balls/moon_ball": {
    "criteria": {
      "has_blue_apricorn": "2024-08-06 00:35:15 +0000",
      "has_white_apricorn": "2024-08-06 00:34:38 +0000",
      "has_yellow_apricorn": "2024-08-06 00:33:13 +0000"
    },
    "done": false
  },
  "cobblemon:recipes/balls/dusk_ball": {
    "criteria": {
      "has_green_apricorn": "2024-08-06 00:32:31 +0000"
    },
    "done": false
  },
  "minecraft:recipes/decorations/painting": {
    "criteria": {
      "has_wool": "2024-08-06 00:24:26 +0000"
    },
    "done": true
  },
  "cobblemon:recipes/balls/love_ball": {
    "criteria": {
      "has_white_apricorn": "2024-08-06 00:34:38 +0000"
    },
    "done": false
  },
  "minecraft:recipes/combat/leather_chestplate": {
    "criteria": {
      "has_leather": "2024-08-06 00:20:13 +0000"
    },
    "done": true
  },
  "cobblemon:recipes/blocks/apricorn_planks": {
    "criteria": {
      "has_apricorn_log": "2024-08-06 00:31:28 +0000"
    },
    "done": true
  },
  "cobblemon:recipes/balls/ultra_ball": {
    "criteria": {
      "has_yellow_apricorn": "2024-08-06 00:33:13 +0000"
    },
    "done": false
  },
  "minecraft:recipes/tools/fishing_rod": {
    "criteria": {
      "has_string": "2024-08-06 00:28:48 +0000"
    },
    "done": true
  },
  "minecraft:recipes/decorations/smoker": {
    "criteria": {
      "has_furnace": "2024-08-06 00:20:39 +0000"
    },
    "done": true
  },
  "minecraft:recipes/decorations/chest": {
    "criteria": {
      "has_lots_of_items": "2024-08-06 00:20:05 +0000"
    },
    "done": true
  },
  "minecraft:recipes/misc/stick": {
    "criteria": {
      "has_planks": "2024-08-06 00:17:58 +0000"
    },
    "done": true
  },
  "cobblemon:root": {
    "criteria": {
      "picked_starter": "2024-08-06 00:13:49 +0000"
    },
    "done": true
  },
  "cobblemon:recipes/balls/level_ball": {
    "criteria": {
      "has_yellow_apricorn": "2024-08-06 00:33:13 +0000"
    },
    "done": false
  },
  "minecraft:adventure/sleep_in_bed": {
    "criteria": {
      "slept_in_bed": "2024-08-06 00:25:27 +0000"
    },
    "done": true
  },
  "minecraft:recipes/building_blocks/cobblestone_slab_from_cobblestone_stonecutting": {
    "criteria": {
      "has_cobblestone": "2024-08-06 00:18:53 +0000"
    },
    "done": true
  },
  "cobblemon:recipes/agriculture/green_apricorn_smelt_to_dye": {
    "criteria": {
      "has_apricorn": "2024-08-06 00:32:31 +0000"
    },
    "done": true
  },
  "minecraft:recipes/building_blocks/oak_stairs": {
    "criteria": {
      "has_planks": "2024-08-06 00:17:58 +0000"
    },
    "done": true
  },
  "minecraft:adventure/kill_all_mobs": {
    "criteria": {
      "minecraft:skeleton": "2024-08-06 00:26:47 +0000"
    },
    "done": false
  },
  "cobblemon:harvest_apricorn_seed": {
    "criteria": {
      "check_inv": "2024-08-06 00:35:16 +0000"
    },
    "done": true
  },
  "minecraft:recipes/decorations/oak_fence": {
    "criteria": {
      "has_planks": "2024-08-06 00:17:58 +0000"
    },
    "done": true
  },
  "minecraft:recipes/food/cooked_porkchop_from_campfire_cooking": {
    "criteria": {
      "has_porkchop": "2024-08-06 00:19:54 +0000"
    },
    "done": true
  },
  "minecraft:recipes/misc/yellow_dye_from_dandelion": {
    "criteria": {
      "has_dandelion": "2024-08-06 00:13:30 +0000"
    },
    "done": true
  },
  "minecraft:recipes/redstone/tripwire_hook": {
    "criteria": {
      "has_string": "2024-08-06 00:28:48 +0000"
    },
    "done": true
  },
  "minecraft:recipes/misc/bone_meal": {
    "criteria": {
      "has_bone": "2024-08-06 00:26:47 +0000"
    },
    "done": true
  },
  "beautify:blinds": {
    "criteria": {
      "requirement": "2024-08-06 00:18:20 +0000"
    },
    "done": true
  },
  "minecraft:recipes/building_blocks/stone": {
    "criteria": {
      "has_cobblestone": "2024-08-06 00:18:53 +0000"
    },
    "done": true
  },
  "cobblemon:recipes/balls/nest_ball": {
    "criteria": {
      "has_green_apricorn": "2024-08-06 00:32:31 +0000",
      "has_yellow_apricorn": "2024-08-06 00:33:13 +0000"
    },
    "done": true
  },
  "cobblemon:recipes/agriculture/yellow_apricorn_smelt_to_dye": {
    "criteria": {
      "has_apricorn": "2024-08-06 00:33:13 +0000"
    },
    "done": true
  },
  "minecraft:recipes/decorations/candle": {
    "criteria": {
      "has_string": "2024-08-06 00:28:48 +0000"
    },
    "done": true
  },
  "beautify:frames": {
    "criteria": {
      "requirement": "2024-08-06 00:24:26 +0000"
    },
    "done": true
  },
  "cobblemon:harvest_apricorn": {
    "criteria": {
      "check_inv": "2024-08-06 00:32:31 +0000"
    },
    "done": true
  },
  "minecraft:recipes/misc/leather_horse_armor": {
    "criteria": {
      "has_leather": "2024-08-06 00:20:13 +0000"
    },
    "done": true
  },
  "cobblemon:recipes/balls/safari_ball": {
    "criteria": {
      "has_green_apricorn": "2024-08-06 00:32:31 +0000",
      "has_white_apricorn": "2024-08-06 00:34:38 +0000",
      "has_yellow_apricorn": "2024-08-06 00:33:13 +0000"
    },
    "done": true
  },
  "minecraft:husbandry/root": {
    "criteria": {
      "consumed_item": "2024-08-06 00:21:03 +0000"
    },
    "done": true
  },
  "minecraft:recipes/decorations/white_carpet": {
    "criteria": {
      "has_white_wool": "2024-08-06 00:24:26 +0000"
    },
    "done": true
  },
  "cobblemon:recipes/balls/fast_ball": {
    "criteria": {
      "has_white_apricorn": "2024-08-06 00:34:38 +0000",
      "has_yellow_apricorn": "2024-08-06 00:33:13 +0000"
    },
    "done": false
  },
  "minecraft:recipes/redstone/oak_button": {
    "criteria": {
      "has_planks": "2024-08-06 00:17:58 +0000"
    },
    "done": true
  },
  "cobblemon:any_plant": {
    "criteria": {
      "check_inv": "2024-08-06 00:32:31 +0000"
    },
    "done": true
  },
  "minecraft:recipes/decorations/torch": {
    "criteria": {
      "has_stone_pickaxe": "2024-08-06 00:19:10 +0000"
    },
    "done": true
  },
  "cobblemon:recipes/balls/citrine_ball": {
    "criteria": {
      "has_yellow_apricorn": "2024-08-06 00:33:13 +0000"
    },
    "done": true
  },
  "fantasyfurniture:recipes/misc/furniture_station": {
    "criteria": {
      "has_crafting_table": "2024-08-06 00:18:20 +0000"
    },
    "done": true
  },
  "sophisticatedbackpacks:recipes/misc/backpack": {
    "criteria": {
      "has_leather": "2024-08-06 00:20:13 +0000"
    },
    "done": true
  },
  "minecraft:recipes/food/cooked_beef_from_smoking": {
    "criteria": {
      "has_beef": "2024-08-06 00:20:05 +0000"
    },
    "done": true
  },
  "minecraft:recipes/food/cooked_porkchop": {
    "criteria": {
      "has_porkchop": "2024-08-06 00:19:54 +0000"
    },
    "done": true
  },
  "minecraft:recipes/building_blocks/oak_slab": {
    "criteria": {
      "has_planks": "2024-08-06 00:17:58 +0000"
    },
    "done": true
  },
  "cobblemon:recipes/balls/friend_ball": {
    "criteria": {
      "has_green_apricorn": "2024-08-06 00:32:31 +0000",
      "has_yellow_apricorn": "2024-08-06 00:33:13 +0000"
    },
    "done": false
  },
  "minecraft:recipes/tools/stone_pickaxe": {
    "criteria": {
      "has_cobblestone": "2024-08-06 00:18:53 +0000"
    },
    "done": true
  },
  "cobblemon:recipes/balls/great_ball": {
    "criteria": {
      "has_blue_apricorn": "2024-08-06 00:35:15 +0000"
    },
    "done": false
  },
  "minecraft:recipes/food/cooked_mutton": {
    "criteria": {
      "has_mutton": "2024-08-06 00:24:27 +0000"
    },
    "done": true
  },
  "minecraft:recipes/decorations/campfire": {
    "criteria": {
      "has_stick": "2024-08-06 00:18:20 +0000"
    },
    "done": true
  },
  "minecraft:recipes/tools/wooden_hoe": {
    "criteria": {
      "has_stick": "2024-08-06 00:18:20 +0000"
    },
    "done": true
  },
  "minecraft:recipes/decorations/white_banner": {
    "criteria": {
      "has_white_wool": "2024-08-06 00:24:26 +0000"
    },
    "done": true
  },
  "minecraft:recipes/redstone/oak_fence_gate": {
    "criteria": {
      "has_planks": "2024-08-06 00:17:58 +0000"
    },
    "done": true
  },
  "cobblemon:recipes/balls/net_ball": {
    "criteria": {
      "has_blue_apricorn": "2024-08-06 00:35:15 +0000",
      "has_white_apricorn": "2024-08-06 00:34:38 +0000"
    },
    "done": false
  },
  "minecraft:recipes/misc/charcoal": {
    "criteria": {
      "has_log": "2024-08-06 00:17:43 +0000"
    },
    "done": true
  },
  "minecraft:recipes/tools/wooden_pickaxe": {
    "criteria": {
      "has_stick": "2024-08-06 00:18:20 +0000"
    },
    "done": true
  },
  "minecraft:recipes/decorations/item_frame": {
    "criteria": {
      "has_leather": "2024-08-06 00:20:13 +0000"
    },
    "done": true
  },
  "minecraft:story/upgrade_tools": {
    "criteria": {
      "stone_pickaxe": "2024-08-06 00:19:10 +0000"
    },
    "done": true
  },
  "sophisticatedbackpacks:recipes/misc/upgrade_base": {
    "criteria": {
      "has_leather": "2024-08-06 00:20:13 +0000"
    },
    "done": true
  },
  "minecraft:recipes/redstone/oak_pressure_plate": {
    "criteria": {
      "has_planks": "2024-08-06 00:17:58 +0000"
    },
    "done": true
  },
  "cobblemon:recipes/balls/quick_ball": {
    "criteria": {
      "has_blue_apricorn": "2024-08-06 00:35:15 +0000",
      "has_yellow_apricorn": "2024-08-06 00:33:13 +0000"
    },
    "done": true
  },
  "cobblemon:recipes/balls/azure_ball": {
    "criteria": {
      "has_blue_apricorn": "2024-08-06 00:35:15 +0000"
    },
    "done": true
  },
  "cobblemon:recipes/balls/park_ball": {
    "criteria": {
      "has_green_apricorn": "2024-08-06 00:32:31 +0000"
    },
    "done": false
  },
  "minecraft:recipes/redstone/oak_door": {
    "criteria": {
      "has_planks": "2024-08-06 00:17:58 +0000"
    },
    "done": true
  },
  "minecraft:recipes/food/cooked_mutton_from_campfire_cooking": {
    "criteria": {
      "has_mutton": "2024-08-06 00:24:27 +0000"
    },
    "done": true
  },
  "cobblemon:recipes/balls/verdant_ball": {
    "criteria": {
      "has_green_apricorn": "2024-08-06 00:32:31 +0000"
    },
    "done": true
  },
  "minecraft:recipes/tools/wooden_shovel": {
    "criteria": {
      "has_stick": "2024-08-06 00:18:20 +0000"
    },
    "done": true
  },
  "minecraft:recipes/building_blocks/cobblestone_slab": {
    "criteria": {
      "has_cobblestone": "2024-08-06 00:18:53 +0000"
    },
    "done": true
  },
  "cobblemon:recipes/held/silk_scarf": {
    "criteria": {
      "has_wool": "2024-08-06 00:24:26 +0000"
    },
    "done": true
  },
  "megamons:grant_megamons_guide": {
    "criteria": {
      "tick": "2024-08-06 00:13:49 +0000"
    },
    "done": true
  },
  "cobblemon:recipes/agriculture/white_apricorn_smelt_to_dye": {
    "criteria": {
      "has_apricorn": "2024-08-06 00:34:38 +0000"
    },
    "done": true
  },
  "minecraft:adventure/root": {
    "criteria": {
      "killed_something": "2024-08-06 00:19:53 +0000"
    },
    "done": true
  },
  "minecraft:recipes/building_blocks/white_wool_from_string": {
    "criteria": {
      "has_string": "2024-08-06 00:28:48 +0000"
    },
    "done": true
  },
  "cobblemon:recipes/balls/luxury_ball": {
    "criteria": {
      "has_yellow_apricorn": "2024-08-06 00:33:13 +0000"
    },
    "done": false
  },
  "cobblemon:recipes/balls/sport_ball": {
    "criteria": {
      "has_white_apricorn": "2024-08-06 00:34:38 +0000"
    },
    "done": false
  },
  "minecraft:recipes/combat/wooden_sword": {
    "criteria": {
      "has_stick": "2024-08-06 00:18:20 +0000"
    },
    "done": true
  },
  "minecraft:recipes/building_blocks/oak_planks": {
    "criteria": {
      "has_logs": "2024-08-06 00:17:43 +0000"
    },
    "done": true
  },
  "cobblemon:healing_machine": {
    "criteria": {
      "use_healing_machine": "2024-08-06 00:16:18 +0000"
    },
    "done": true
  },
  "minecraft:recipes/combat/crossbow": {
    "criteria": {
      "has_string": "2024-08-06 00:28:48 +0000"
    },
    "done": true
  },
  "minecraft:recipes/food/cooked_porkchop_from_smoking": {
    "criteria": {
      "has_porkchop": "2024-08-06 00:19:54 +0000"
    },
    "done": true
  },
  "minecraft:adventure/kill_a_mob": {
    "criteria": {
      "minecraft:skeleton": "2024-08-06 00:26:47 +0000"
    },
    "done": true
  },
  "minecraft:recipes/decorations/barrel": {
    "criteria": {
      "has_planks": "2024-08-06 00:17:58 +0000"
    },
    "done": true
  },
  "minecraft:recipes/combat/leather_boots": {
    "criteria": {
      "has_leather": "2024-08-06 00:20:13 +0000"
    },
    "done": true
  },
  "minecraft:recipes/decorations/cobblestone_wall_from_cobblestone_stonecutting": {
    "criteria": {
      "has_cobblestone": "2024-08-06 00:18:53 +0000"
    },
    "done": true
  },
  "minecraft:recipes/building_blocks/cobblestone_stairs_from_cobblestone_stonecutting": {
    "criteria": {
      "has_cobblestone": "2024-08-06 00:18:53 +0000"
    },
    "done": true
  },
  "cobblemon:recipes/balls/timer_ball": {
    "criteria": {
      "has_white_apricorn": "2024-08-06 00:34:38 +0000"
    },
    "done": false
  },
  "minecraft:recipes/decorations/white_bed": {
    "criteria": {
      "has_white_wool": "2024-08-06 00:24:26 +0000"
    },
    "done": true
  },
  "minecraft:husbandry/balanced_diet": {
    "criteria": {
      "cooked_porkchop": "2024-08-06 00:21:03 +0000"
    },
    "done": false
  },
  "minecraft:recipes/building_blocks/cobblestone_stairs": {
    "criteria": {
      "has_cobblestone": "2024-08-06 00:18:53 +0000"
    },
    "done": true
  },
  "beautify:trellis": {
    "criteria": {
      "requirement": "2024-08-06 00:18:20 +0000"
    },
    "done": true
  },
  "cobblemon:recipes/blocks/apricorn_wood": {
    "criteria": {
      "has_log": "2024-08-06 00:31:28 +0000"
    },
    "done": true
  },
  "minecraft:recipes/tools/stone_hoe": {
    "criteria": {
      "has_cobblestone": "2024-08-06 00:18:53 +0000"
    },
    "done": true
  },
  "cobblemon:recipes/balls/lure_ball": {
    "criteria": {
      "has_blue_apricorn": "2024-08-06 00:35:15 +0000",
      "has_green_apricorn": "2024-08-06 00:32:31 +0000"
    },
    "done": false
  },
  "minecraft:recipes/decorations/loom": {
    "criteria": {
      "has_string": "2024-08-06 00:28:48 +0000"
    },
    "done": true
  },
  "minecraft:recipes/tools/stone_shovel": {
    "criteria": {
      "has_cobblestone": "2024-08-06 00:18:53 +0000"
    },
    "done": true
  },
  "minecraft:recipes/building_blocks/oak_wood": {
    "criteria": {
      "has_log": "2024-08-06 00:17:43 +0000"
    },
    "done": true
  },
  "minecraft:story/root": {
    "criteria": {
      "crafting_table": "2024-08-06 00:18:20 +0000"
    },
    "done": true
  },
  "minecraft:recipes/food/cooked_beef": {
    "criteria": {
      "has_beef": "2024-08-06 00:20:05 +0000"
    },
    "done": true
  },
  "minecraft:recipes/food/cooked_beef_from_campfire_cooking": {
    "criteria": {
      "has_beef": "2024-08-06 00:20:05 +0000"
    },
    "done": true
  },
  "DataVersion": 3465
}