{
  "farmersdelight:main/root": {
    "criteria": {
      "seeds": "2024-10-24 17:33:50 +0000"
    },
    "done": true
  },
  "under_the_moon:root": {
    "criteria": {
      "root_0": "2024-10-24 17:33:51 +0000"
    },
    "done": true
  },
  "undead_revamp2:theundeadchallenges": {
    "criteria": {
      "theundeadchallenges": "2024-10-24 17:33:51 +0000"
    },
    "done": true
  },
  "stellarity:cursed_tome/root": {
    "criteria": {
      "requirement": "2024-10-24 17:33:51 +0000"
    },
    "done": true
  },
  "minecraft:recipes/decorations/crafting_table": {
    "criteria": {
      "unlock_right_away": "2024-10-24 17:33:51 +0000"
    },
    "done": true
  },
  "mowziesmobs:root": {
    "criteria": {
      "custom_test_name": "2024-10-24 17:33:51 +0000"
    },
    "done": true
  },
  "cataclysm:root": {
    "criteria": {
      "custom_test_name": "2024-10-24 17:33:51 +0000"
    },
    "done": true
  },
  "irons_spellbooks:grant_patchouli": {
    "criteria": {
      "tick": "2024-10-24 17:33:51 +0000"
    },
    "done": true
  },
  "stellarity:dragons_den/cursed_tome/root": {
    "criteria": {
      "requirement": "2024-10-24 17:33:51 +0000"
    },
    "done": true
  },
  "illusion_onslaught:illusion_onslaught_advancement": {
    "criteria": {
      "illusion_onslaught_advancement": "2024-10-24 17:33:51 +0000"
    },
    "done": true
  },
  "minecraft:adventure/adventuring_time": {
    "criteria": {
      "minecraft:plains": "2024-10-24 17:33:52 +0000"
    },
    "done": false
  },
  "spartanweaponry:katana": {
    "criteria": {
      "has_katana": "2024-10-24 17:43:45 +0000"
    },
    "done": true
  },
  "soulsweapons:all_weapons": {
    "criteria": {
      "shadow_assassin_scythe": "2024-10-24 17:43:53 +0000"
    },
    "done": false
  },
  "alexsmobs:alexsmobs/root": {
    "criteria": {
      "useitem": "2024-10-24 17:42:54 +0000"
    },
    "done": true
  },
  "minecraft:husbandry/root": {
    "criteria": {
      "consumed_item": "2024-10-24 17:42:54 +0000"
    },
    "done": true
  },
  "soulsweapons:transform_scythe": {
    "criteria": {
      "weapon": "2024-10-24 17:43:53 +0000"
    },
    "done": true
  },
  "DataVersion": 3465
}