{
  "uuid": "2f12094b-666e-3e41-a1a5-03ba12f05b96",
  "starterPrompted": true,
  "starterLocked": false,
  "starterSelected": true,
  "starterUUID": "92e083ba-023d-47e3-8b16-6c938acbc349",
  "keyItems": [],
  "battleTheme": "cobblemon:battle.pvp.default",
  "extraData": {},
  "advancementData": {
    "totalCaptureCount": 2,
    "totalEggsHatched": 0,
    "totalEvolvedCount": 0,
    "totalBattleVictoryCount": 6,
    "totalPvPBattleVictoryCount": 0,
    "totalPvWBattleVictoryCount": 6,
    "totalPvNBattleVictoryCount": 0,
    "totalShinyCaptureCount": 0,
    "totalTradedCount": 0,
    "totalTypeCaptureCounts": {
      "psychic": 1,
      "fairy": 1,
      "ghost": 1,
      "poison": 1
    },
    "totalDefeatedCounts": {
      "cobblemon:wingull": 3,
      "cobblemon:krabby": 1,
      "cobblemon:wimpod": 1
    },
    "aspectsCollected": {}
  }
}