{
  "uuid": "2f12094b-666e-3e41-a1a5-03ba12f05b96",
  "starterPrompted": true,
  "starterLocked": false,
  "starterSelected": true,
  "starterUUID": "4c1f51f9-373f-4492-9b3d-f50f68c060f6",
  "keyItems": [],
  "battleTheme": "cobblemon:battle.pvp.default",
  "extraData": {},
  "advancementData": {
    "totalCaptureCount": 7,
    "totalEggsHatched": 0,
    "totalEvolvedCount": 2,
    "totalBattleVictoryCount": 4,
    "totalPvPBattleVictoryCount": 0,
    "totalPvWBattleVictoryCount": 4,
    "totalPvNBattleVictoryCount": 0,
    "totalShinyCaptureCount": 0,
    "totalTradedCount": 0,
    "totalTypeCaptureCounts": {
      "rock": 1,
      "water": 1,
      "ice": 1,
      "electric": 1,
      "normal": 1,
      "flying": 1,
      "steel": 2,
      "ghost": 2,
      "fairy": 1,
      "poison": 1
    },
    "totalDefeatedCounts": {
      "cobblemon:sandshrew": 1,
      "cobblemon:krabby": 1,
      "cobblemon:gimmighoul": 2
    },
    "aspectsCollected": {}
  }
}