{
  "uuid": "94718338-603d-3965-8ea3-9a9e331af73a",
  "starterPrompted": true,
  "starterLocked": false,
  "starterSelected": true,
  "starterUUID": "f6f863a1-e8aa-4773-92dd-c0d167e97809",
  "keyItems": [],
  "battleTheme": "cobblemon:battle.pvp.default",
  "extraData": {},
  "advancementData": {
    "totalCaptureCount": 0,
    "totalEggsHatched": 0,
    "totalEvolvedCount": 0,
    "totalBattleVictoryCount": 4,
    "totalPvPBattleVictoryCount": 0,
    "totalPvWBattleVictoryCount": 4,
    "totalPvNBattleVictoryCount": 0,
    "totalShinyCaptureCount": 0,
    "totalTradedCount": 0,
    "totalTypeCaptureCounts": {},
    "totalDefeatedCounts": {
      "cobblemon:buneary": 1,
      "cobblemon:pidgey": 1,
      "cobblemon:shroomish": 1,
      "cobblemon:lechonk": 1
    },
    "aspectsCollected": {}
  }
}