{
  "uuid": "94718338-603d-3965-8ea3-9a9e331af73a",
  "starterPrompted": true,
  "starterLocked": false,
  "starterSelected": true,
  "starterUUID": "f398dd2b-9212-4157-9b15-38dfea3d2283",
  "keyItems": [],
  "battleTheme": "cobblemon:battle.pvp.default",
  "extraData": {},
  "advancementData": {
    "totalCaptureCount": 0,
    "totalEggsHatched": 0,
    "totalEvolvedCount": 1,
    "totalBattleVictoryCount": 13,
    "totalPvPBattleVictoryCount": 0,
    "totalPvWBattleVictoryCount": 13,
    "totalPvNBattleVictoryCount": 0,
    "totalShinyCaptureCount": 0,
    "totalTradedCount": 0,
    "totalTypeCaptureCounts": {},
    "totalDefeatedCounts": {
      "cobblemon:tandemaus": 1,
      "cobblemon:snubbull": 1,
      "cobblemon:lillipup": 1,
      "cobblemon:fidough": 1,
      "cobblemon:growlithe": 1,
      "cobblemon:pidgey": 1,
      "cobblemon:geodude": 4,
      "cobblemon:shuppet": 1,
      "cobblemon:roggenrola": 1,
      "cobblemon:zubat": 1
    },
    "aspectsCollected": {}
  }
}